-- phpMyAdmin SQL Dump
-- version 5.2.1
-- https://www.phpmyadmin.net/
--
-- Máy chủ: 127.0.0.1
-- Thời gian đã tạo: Th10 29, 2023 lúc 07:30 PM
-- Phiên bản máy phục vụ: 10.4.28-MariaDB
-- Phiên bản PHP: 8.2.4

SET SQL_MODE = "NO_AUTO_VALUE_ON_ZERO";
START TRANSACTION;
SET time_zone = "+00:00";


/*!40101 SET @OLD_CHARACTER_SET_CLIENT=@@CHARACTER_SET_CLIENT */;
/*!40101 SET @OLD_CHARACTER_SET_RESULTS=@@CHARACTER_SET_RESULTS */;
/*!40101 SET @OLD_COLLATION_CONNECTION=@@COLLATION_CONNECTION */;
/*!40101 SET NAMES utf8mb4 */;

--
-- Cơ sở dữ liệu: `shopee`
--

-- --------------------------------------------------------

--
-- Cấu trúc bảng cho bảng `tbl_address_user`
--

CREATE TABLE `tbl_address_user` (
  `id` int(11) NOT NULL,
  `name` varchar(255) NOT NULL,
  `address` varchar(255) NOT NULL,
  `phone` varchar(255) NOT NULL,
  `id_user` int(11) NOT NULL
) ENGINE=InnoDB DEFAULT CHARSET=utf8 COLLATE=utf8_general_ci;

--
-- Đang đổ dữ liệu cho bảng `tbl_address_user`
--

INSERT INTO `tbl_address_user` (`id`, `name`, `address`, `phone`, `id_user`) VALUES
(77, 'Nguyen tien Dung', 'hai phong', '0962988318', 1),
(85, 'bé thỏ 2', 'englich', '5876516352', 7),
(88, 'nguyen dung 2', 'ha noi 2', '9999999999999', 8),
(89, 'dung Trần Bảo', 'hg', '0962988317', 8),
(91, 'nguyen dung', 'englich', '5876516352', 34),
(92, 'nguyen dung', 'hanoi1', '5876516352', 35),
(93, 'dung Trần Bảo', 'saigon', '0962988317', 35),
(94, 'nguyen dung', 'hanoi', '5876516352', 39);

-- --------------------------------------------------------

--
-- Cấu trúc bảng cho bảng `tbl_bill`
--

CREATE TABLE `tbl_bill` (
  `id` int(11) NOT NULL,
  `name` varchar(255) DEFAULT NULL,
  `address` varchar(255) DEFAULT NULL,
  `tel` varchar(255) DEFAULT NULL,
  `total` int(11) DEFAULT NULL,
  `pttt` int(11) DEFAULT NULL
) ENGINE=InnoDB DEFAULT CHARSET=utf8 COLLATE=utf8_general_ci;

--
-- Đang đổ dữ liệu cho bảng `tbl_bill`
--

INSERT INTO `tbl_bill` (`id`, `name`, `address`, `tel`, `total`, `pttt`) VALUES
(1, 'cvd', 'hanoi', '1231232132', 0, 0),
(2, 'cvd', 'hanoi', '1231232132', 221000000, 0),
(3, 'Nguyễn Tiến Dũng', 'hanoi', '0962988318', 221000000, 0),
(4, 'Nguyễn Tiến Dũng 2', 'hanoi', '1231232132', 39000000, 0),
(5, 'Nguyễn Tiến Dũng', 'hanoi', '0962988318', 13000000, 0),
(6, 'Nguyễn Tiến Dũng 88', 'doibatcong2003@gmail.com', '0962988318', 91000000, 0),
(7, 'Nguyễn Tiến Dũng', 'hanoi23', '1231232132', 78000000, 0),
(8, 'Nguyễn Tiến Dũng', 'hanoi9', '09', 104000000, 0),
(9, 'Nguyễn Tiến Dũng', 'hanoi9', '09', 104000000, 0),
(10, 'Nguyễn Tiến Dũng', 'hanoi9', '09', 104000000, 0),
(11, 'Nguyễn Tiến Dũng', 'hanoi', '1231232132', 0, 0),
(12, 'Nguyễn Tiến Dũng', 'hanoi', '1231232132', 104000000, 0),
(13, '', '', '', 40000, 0),
(14, 'Nguyễn Tiến Dũng', 'hanoi', '1231232132', 120000, 0),
(15, 'Nguyễn Tiến Dũng', 'hanoi', '1231232132', 200000, 0),
(16, 'Nguyễn Tiến Dũng', 'hanoi', '1231232132', 240000, 0),
(17, 'Nguyễn Tiến Dũng', 'hanoi', '1231232132', 480000, 0),
(18, '', '', '', 520000, 0),
(19, '', '', '', 720000, 0),
(20, '', '', '', 720000, 0),
(21, '', '', '', 720000, 0),
(22, '', '', '', 720000, 0),
(23, 'dung Trần Bảo', 'saigon', '0962988317', 720000, 0),
(24, 'dung Trần Bảo', 'saigon', '0962988317', 720000, 0),
(25, 'nguyen dung', 'hanoi1', '5876516352', 120000, 0),
(26, 'nguyen dung', 'hanoi1', '5876516352', 440000, 0),
(27, 'dung Trần Bảo', 'saigon', '0962988317', 440000, 0),
(28, 'dung Trần Bảo', 'saigon', '0962988317', 600000, 0),
(29, 'dung Trần Bảo', 'saigon', '0962988317', 600000, 0),
(30, 'dung Trần Bảo', 'saigon', '0962988317', 880000, 0),
(31, 'nguyen dung', 'hanoi1', '5876516352', 12000, 0),
(32, 'nguyen dung', 'hanoi1', '5876516352', 12000, 0),
(33, 'nguyen dung', 'hanoi1', '5876516352', 12000, 0),
(34, 'nguyen dung', 'hanoi1', '5876516352', 12000, 0),
(35, 'nguyen dung', 'hanoi1', '5876516352', 12000, 0),
(36, 'nguyen dung', 'hanoi1', '5876516352', 12000, 0),
(37, 'nguyen dung', 'hanoi1', '5876516352', 12000, 0),
(38, 'nguyen dung', 'hanoi1', '5876516352', 12000, 0),
(39, 'nguyen dung', 'hanoi1', '5876516352', 12000, 0),
(40, 'nguyen dung', 'hanoi1', '5876516352', 120000, 0),
(41, 'nguyen dung', 'hanoi1', '5876516352', 120000, 0),
(42, 'nguyen dung', 'hanoi1', '5876516352', 120000, 0),
(43, 'nguyen dung', 'hanoi1', '5876516352', 120000, 0),
(44, 'nguyen dung', 'hanoi1', '5876516352', 120000, 0),
(45, 'nguyen dung', 'hanoi1', '5876516352', 120000, 0),
(46, 'nguyen dung', 'hanoi1', '5876516352', 120000, 0),
(47, 'nguyen dung', 'hanoi1', '5876516352', 120000, 0),
(48, 'nguyen dung', 'hanoi1', '5876516352', 120000, 0),
(49, 'nguyen dung', 'hanoi1', '5876516352', 36000, 0),
(50, 'nguyen dung', 'hanoi1', '5876516352', 40000, 0),
(51, 'dung Trần Bảo', 'saigon', '0962988317', 12000, 0),
(52, 'Hoang Viet Anh', '', '', 320000, 0),
(53, 'nguyen dung', 'hanoi', '5876516352', 45000, 0);

-- --------------------------------------------------------

--
-- Cấu trúc bảng cho bảng `tbl_binhluan`
--

CREATE TABLE `tbl_binhluan` (
  `id` int(11) NOT NULL,
  `noidung` text DEFAULT NULL,
  `id_sanpham` int(11) NOT NULL,
  `id_user` int(11) NOT NULL,
  `ngay` datetime NOT NULL DEFAULT current_timestamp()
) ENGINE=InnoDB DEFAULT CHARSET=utf8mb4 COLLATE=utf8mb4_general_ci;

-- --------------------------------------------------------

--
-- Cấu trúc bảng cho bảng `tbl_cart`
--

CREATE TABLE `tbl_cart` (
  `id` int(11) NOT NULL,
  `tensp` varchar(255) NOT NULL,
  `hinhsp` varchar(255) NOT NULL,
  `dongia` int(11) NOT NULL,
  `soluong` int(11) NOT NULL,
  `thanhtien` int(11) NOT NULL,
  `idbill` int(11) NOT NULL
) ENGINE=InnoDB DEFAULT CHARSET=utf8 COLLATE=utf8_general_ci;

--
-- Đang đổ dữ liệu cho bảng `tbl_cart`
--

INSERT INTO `tbl_cart` (`id`, `tensp`, `hinhsp`, `dongia`, `soluong`, `thanhtien`, `idbill`) VALUES
(0, 'Dien thoai 1', './img/dienthoai.webp', 13000000, 13, 169000000, 7),
(0, 'Dien thoai 2', './img/dienthoai.webp', 13000000, 6, 78000000, 7),
(0, 'Dien thoai 1', './img/dienthoai.webp', 13000000, 13, 169000000, 8),
(0, 'Dien thoai 2', './img/dienthoai.webp', 13000000, 6, 78000000, 8),
(0, 'Dien thoai 3', './img/dienthoai.webp', 13000000, 8, 104000000, 8),
(0, 'Dien thoai 1', './img/dienthoai.webp', 13000000, 13, 169000000, 9),
(0, 'Dien thoai 2', './img/dienthoai.webp', 13000000, 6, 78000000, 9),
(0, 'Dien thoai 3', './img/dienthoai.webp', 13000000, 8, 104000000, 9),
(0, 'Dien thoai 1', './img/dienthoai.webp', 13000000, 13, 169000000, 10),
(0, 'Dien thoai 2', './img/dienthoai.webp', 13000000, 6, 78000000, 10),
(0, 'Dien thoai 3', './img/dienthoai.webp', 13000000, 8, 104000000, 10),
(0, 'Dien thoai 1', './img/dienthoai.webp', 13000000, 8, 104000000, 12),
(0, 'nguyen van tien', './img/doremon.jpg', 40000, 3, 120000, 14),
(0, 'nguyen van tien', './img/doremon.jpg', 40000, 5, 200000, 15),
(0, 'nguyen van tien', './img/doremon.jpg', 40000, 6, 240000, 16),
(0, 'nguyen van tien', './img/doremon.jpg', 40000, 12, 480000, 17),
(0, 'nguyen van tien', './img/doremon.jpg', 40000, 13, 520000, 18),
(0, 'nguyen van tien', './img/doremon.jpg', 40000, 18, 720000, 19),
(0, 'nguyen van tien', './img/doremon.jpg', 40000, 18, 720000, 20),
(0, 'nguyen van tien', './img/doremon.jpg', 40000, 18, 720000, 21),
(0, 'nguyen van tien', './img/doremon.jpg', 40000, 18, 720000, 22),
(0, 'nguyen van tien', './img/doremon.jpg', 40000, 18, 720000, 23),
(0, 'nguyen van tien', './img/doremon.jpg', 40000, 18, 720000, 24),
(0, 'nguyen van tien', './img/doremon.jpg', 40000, 3, 120000, 25),
(0, 'nguyen van tien', './img/doremon.jpg', 40000, 11, 440000, 26),
(0, 'nguyen van tien', './img/doremon.jpg', 40000, 11, 440000, 27),
(0, 'nguyen van tien', './img/doremon.jpg', 40000, 15, 600000, 28),
(0, 'nguyen van tien', './img/doremon.jpg', 40000, 15, 600000, 29),
(0, 'nguyen van tien', './img/doremon.jpg', 40000, 22, 880000, 30),
(0, 'Truyện doremon tap 12', './img/doremon.jpg', 40000, 1, 40000, 31),
(0, 'Truyện doremon tap 54', './img/doremon.jpg', 12000, 1, 12000, 31),
(0, 'Truyện doremon tap 12', './img/doremon.jpg', 40000, 1, 40000, 32),
(0, 'Truyện doremon tap 54', './img/doremon.jpg', 12000, 1, 12000, 32),
(0, 'Truyện doremon tap 12', './img/doremon.jpg', 40000, 1, 40000, 33),
(0, 'Truyện doremon tap 54', './img/doremon.jpg', 12000, 1, 12000, 33),
(0, 'Truyện doremon tap 12', './img/doremon.jpg', 40000, 1, 40000, 34),
(0, 'Truyện doremon tap 54', './img/doremon.jpg', 12000, 3, 36000, 34),
(0, 'Truyện doremon tap 54', './img/doremon.jpg', 12000, 1, 12000, 34),
(0, 'Truyện doremon tap 12', './img/doremon.jpg', 40000, 1, 40000, 35),
(0, 'Truyện doremon tap 54', './img/doremon.jpg', 12000, 3, 36000, 35),
(0, 'Truyện doremon tap 54', './img/doremon.jpg', 12000, 1, 12000, 35),
(0, 'Truyện doremon tap 12', './img/doremon.jpg', 40000, 1, 40000, 36),
(0, 'Truyện doremon tap 54', './img/doremon.jpg', 12000, 3, 36000, 36),
(0, 'Truyện doremon tap 54', './img/doremon.jpg', 12000, 1, 12000, 36),
(0, 'Truyện doremon tap 12', './img/doremon.jpg', 40000, 1, 40000, 37),
(0, 'Truyện doremon tap 54', './img/doremon.jpg', 12000, 3, 36000, 37),
(0, 'Truyện doremon tap 54', './img/doremon.jpg', 12000, 1, 12000, 37),
(0, 'Truyện doremon tap 12', './img/doremon.jpg', 40000, 1, 40000, 38),
(0, 'Truyện doremon tap 54', './img/doremon.jpg', 12000, 3, 36000, 38),
(0, 'Truyện doremon tap 54', './img/doremon.jpg', 12000, 1, 12000, 38),
(0, 'Truyện doremon tap 12', './img/doremon.jpg', 40000, 1, 40000, 39),
(0, 'Truyện doremon tap 54', './img/doremon.jpg', 12000, 3, 36000, 39),
(0, 'Truyện doremon tap 54', './img/doremon.jpg', 12000, 1, 12000, 39),
(0, 'Truyện doremon tap 12', './img/doremon.jpg', 40000, 12, 480000, 40),
(0, 'Truyện doremon tap 54', './img/doremon.jpg', 12000, 10, 120000, 40),
(0, 'Truyện doremon tap 12', './img/doremon.jpg', 40000, 12, 480000, 41),
(0, 'Truyện doremon tap 54', './img/doremon.jpg', 12000, 10, 120000, 41),
(0, 'Truyện doremon tap 12', './img/doremon.jpg', 40000, 12, 480000, 42),
(0, 'Truyện doremon tap 54', './img/doremon.jpg', 12000, 10, 120000, 42),
(0, 'Truyện doremon tap 12', './img/doremon.jpg', 40000, 12, 480000, 43),
(0, 'Truyện doremon tap 54', './img/doremon.jpg', 12000, 10, 120000, 43),
(0, 'Truyện doremon tap 12', './img/doremon.jpg', 40000, 12, 480000, 44),
(0, 'Truyện doremon tap 54', './img/doremon.jpg', 12000, 10, 120000, 44),
(0, 'Truyện doremon tap 12', './img/doremon.jpg', 40000, 12, 480000, 45),
(0, 'Truyện doremon tap 54', './img/doremon.jpg', 12000, 10, 120000, 45),
(0, 'Truyện doremon tap 12', './img/doremon.jpg', 40000, 12, 480000, 46),
(0, 'Truyện doremon tap 54', './img/doremon.jpg', 12000, 10, 120000, 46),
(0, 'Truyện doremon tap 12', './img/doremon.jpg', 40000, 12, 480000, 47),
(0, 'Truyện doremon tap 54', './img/doremon.jpg', 12000, 10, 120000, 47),
(0, 'Truyện doremon tap 12', './img/doremon.jpg', 40000, 12, 480000, 48),
(0, 'Truyện doremon tap 54', './img/doremon.jpg', 12000, 10, 120000, 48),
(0, 'Truyện doremon tap 12', './img/doremon.jpg', 40000, 3, 120000, 49),
(0, 'Truyện doremon tap 54', './img/doremon.jpg', 12000, 3, 36000, 49),
(0, 'Truyện doremon tap 12', './img/doremon.jpg', 40000, 1, 40000, 50),
(0, 'Truyện doremon tap 12', './img/doremon.jpg', 40000, 3, 120000, 51),
(0, 'Truyện doremon tap 54', './img/doremon.jpg', 12000, 1, 12000, 51),
(0, 'Truyện doremon tap 12', './img/doremon.jpg', 40000, 8, 320000, 52),
(0, 'Dien thoai 1', './img/dienthoai.webp', 13000000, 13, 169000000, 7),
(0, 'Dien thoai 2', './img/dienthoai.webp', 13000000, 6, 78000000, 7),
(0, 'Dien thoai 1', './img/dienthoai.webp', 13000000, 13, 169000000, 8),
(0, 'Dien thoai 2', './img/dienthoai.webp', 13000000, 6, 78000000, 8),
(0, 'Dien thoai 3', './img/dienthoai.webp', 13000000, 8, 104000000, 8),
(0, 'Dien thoai 1', './img/dienthoai.webp', 13000000, 13, 169000000, 9),
(0, 'Dien thoai 2', './img/dienthoai.webp', 13000000, 6, 78000000, 9),
(0, 'Dien thoai 3', './img/dienthoai.webp', 13000000, 8, 104000000, 9),
(0, 'Dien thoai 1', './img/dienthoai.webp', 13000000, 13, 169000000, 10),
(0, 'Dien thoai 2', './img/dienthoai.webp', 13000000, 6, 78000000, 10),
(0, 'Dien thoai 3', './img/dienthoai.webp', 13000000, 8, 104000000, 10),
(0, 'Dien thoai 1', './img/dienthoai.webp', 13000000, 8, 104000000, 12),
(0, 'nguyen van tien', './img/doremon.jpg', 40000, 3, 120000, 14),
(0, 'nguyen van tien', './img/doremon.jpg', 40000, 5, 200000, 15),
(0, 'nguyen van tien', './img/doremon.jpg', 40000, 6, 240000, 16),
(0, 'nguyen van tien', './img/doremon.jpg', 40000, 12, 480000, 17),
(0, 'nguyen van tien', './img/doremon.jpg', 40000, 13, 520000, 18),
(0, 'nguyen van tien', './img/doremon.jpg', 40000, 18, 720000, 19),
(0, 'nguyen van tien', './img/doremon.jpg', 40000, 18, 720000, 20),
(0, 'nguyen van tien', './img/doremon.jpg', 40000, 18, 720000, 21),
(0, 'nguyen van tien', './img/doremon.jpg', 40000, 18, 720000, 22),
(0, 'nguyen van tien', './img/doremon.jpg', 40000, 18, 720000, 23),
(0, 'nguyen van tien', './img/doremon.jpg', 40000, 18, 720000, 24),
(0, 'nguyen van tien', './img/doremon.jpg', 40000, 3, 120000, 25),
(0, 'nguyen van tien', './img/doremon.jpg', 40000, 11, 440000, 26),
(0, 'nguyen van tien', './img/doremon.jpg', 40000, 11, 440000, 27),
(0, 'nguyen van tien', './img/doremon.jpg', 40000, 15, 600000, 28),
(0, 'nguyen van tien', './img/doremon.jpg', 40000, 15, 600000, 29),
(0, 'nguyen van tien', './img/doremon.jpg', 40000, 22, 880000, 30),
(0, 'Truyện doremon tap 12', './img/doremon.jpg', 40000, 1, 40000, 31),
(0, 'Truyện doremon tap 54', './img/doremon.jpg', 12000, 1, 12000, 31),
(0, 'Truyện doremon tap 12', './img/doremon.jpg', 40000, 1, 40000, 32),
(0, 'Truyện doremon tap 54', './img/doremon.jpg', 12000, 1, 12000, 32),
(0, 'Truyện doremon tap 12', './img/doremon.jpg', 40000, 1, 40000, 33),
(0, 'Truyện doremon tap 54', './img/doremon.jpg', 12000, 1, 12000, 33),
(0, 'Truyện doremon tap 12', './img/doremon.jpg', 40000, 1, 40000, 34),
(0, 'Truyện doremon tap 54', './img/doremon.jpg', 12000, 3, 36000, 34),
(0, 'Truyện doremon tap 54', './img/doremon.jpg', 12000, 1, 12000, 34),
(0, 'Truyện doremon tap 12', './img/doremon.jpg', 40000, 1, 40000, 35),
(0, 'Truyện doremon tap 54', './img/doremon.jpg', 12000, 3, 36000, 35),
(0, 'Truyện doremon tap 54', './img/doremon.jpg', 12000, 1, 12000, 35),
(0, 'Truyện doremon tap 12', './img/doremon.jpg', 40000, 1, 40000, 36),
(0, 'Truyện doremon tap 54', './img/doremon.jpg', 12000, 3, 36000, 36),
(0, 'Truyện doremon tap 54', './img/doremon.jpg', 12000, 1, 12000, 36),
(0, 'Truyện doremon tap 12', './img/doremon.jpg', 40000, 1, 40000, 37),
(0, 'Truyện doremon tap 54', './img/doremon.jpg', 12000, 3, 36000, 37),
(0, 'Truyện doremon tap 54', './img/doremon.jpg', 12000, 1, 12000, 37),
(0, 'Truyện doremon tap 12', './img/doremon.jpg', 40000, 1, 40000, 38),
(0, 'Truyện doremon tap 54', './img/doremon.jpg', 12000, 3, 36000, 38),
(0, 'Truyện doremon tap 54', './img/doremon.jpg', 12000, 1, 12000, 38),
(0, 'Truyện doremon tap 12', './img/doremon.jpg', 40000, 1, 40000, 39),
(0, 'Truyện doremon tap 54', './img/doremon.jpg', 12000, 3, 36000, 39),
(0, 'Truyện doremon tap 54', './img/doremon.jpg', 12000, 1, 12000, 39),
(0, 'Truyện doremon tap 12', './img/doremon.jpg', 40000, 12, 480000, 40),
(0, 'Truyện doremon tap 54', './img/doremon.jpg', 12000, 10, 120000, 40),
(0, 'Truyện doremon tap 12', './img/doremon.jpg', 40000, 12, 480000, 41),
(0, 'Truyện doremon tap 54', './img/doremon.jpg', 12000, 10, 120000, 41),
(0, 'Truyện doremon tap 12', './img/doremon.jpg', 40000, 12, 480000, 42),
(0, 'Truyện doremon tap 54', './img/doremon.jpg', 12000, 10, 120000, 42),
(0, 'Truyện doremon tap 12', './img/doremon.jpg', 40000, 12, 480000, 43),
(0, 'Truyện doremon tap 54', './img/doremon.jpg', 12000, 10, 120000, 43),
(0, 'Truyện doremon tap 12', './img/doremon.jpg', 40000, 12, 480000, 44),
(0, 'Truyện doremon tap 54', './img/doremon.jpg', 12000, 10, 120000, 44),
(0, 'Truyện doremon tap 12', './img/doremon.jpg', 40000, 12, 480000, 45),
(0, 'Truyện doremon tap 54', './img/doremon.jpg', 12000, 10, 120000, 45),
(0, 'Truyện doremon tap 12', './img/doremon.jpg', 40000, 12, 480000, 46),
(0, 'Truyện doremon tap 54', './img/doremon.jpg', 12000, 10, 120000, 46),
(0, 'Truyện doremon tap 12', './img/doremon.jpg', 40000, 12, 480000, 47),
(0, 'Truyện doremon tap 54', './img/doremon.jpg', 12000, 10, 120000, 47),
(0, 'Truyện doremon tap 12', './img/doremon.jpg', 40000, 12, 480000, 48),
(0, 'Truyện doremon tap 54', './img/doremon.jpg', 12000, 10, 120000, 48),
(0, 'Truyện doremon tap 12', './img/doremon.jpg', 40000, 3, 120000, 49),
(0, 'Truyện doremon tap 54', './img/doremon.jpg', 12000, 3, 36000, 49),
(0, 'Truyện doremon tap 12', './img/doremon.jpg', 40000, 1, 40000, 50),
(0, 'Truyện doremon tap 12', './img/doremon.jpg', 40000, 3, 120000, 51),
(0, 'Truyện doremon tap 54', './img/doremon.jpg', 12000, 1, 12000, 51),
(0, 'Truyện doremon tap 12', './img/doremon.jpg', 40000, 8, 320000, 52),
(0, 'BỘ DAO 5 MÓN JAPAN ASAKH CAO CẤP, BỘ DAO NHÀ BẾP ĐEN NHÁM CHỐNG GỈ SÉT TIỆN LỢI', './img_product/dao.png', 80000, 5, 400000, 53),
(0, 'Truyện doremon tap 21', './img_product/doremon_tap21.jpg', 15000, 3, 45000, 53);

-- --------------------------------------------------------

--
-- Cấu trúc bảng cho bảng `tbl_category`
--

CREATE TABLE `tbl_category` (
  `id` int(11) NOT NULL,
  `catename` varchar(255) CHARACTER SET utf8mb4 COLLATE utf8mb4_general_ci NOT NULL,
  `image` varchar(255) DEFAULT NULL,
  `status` int(11) NOT NULL
) ENGINE=InnoDB DEFAULT CHARSET=utf8 COLLATE=utf8_general_ci;

--
-- Đang đổ dữ liệu cho bảng `tbl_category`
--

INSERT INTO `tbl_category` (`id`, `catename`, `image`, `status`) VALUES
(1, 'Thời Trang Nam', 'ao.png', 1),
(2, 'Điện Thoại & Phụ Kiện', 'bach_hoa_online.png', 1),
(3, 'Thiết Bị Điện Tử', 'ba_lo.png', 1),
(4, 'Máy Tính & Laptop', 'cham_soc_thu_cung.png', 1),
(5, 'Máy Ảnh & Máy Quay Phim', 'dang_ky_bg.png', 1),
(6, 'Đồng Hồ', 'dien_gia_dung.png', 1),
(7, 'Giày Dép Nam', 'dong_ho.png', 1),
(8, 'Thiết Bị Điện Gia Dụng', 'do_choi.png', 1),
(9, 'Thể Thao & Du Lịch', 'dung_cu.png', 1),
(10, 'Ô Tô & Xe Máy & Xe Đạp', 'giat_giu.png', 1),
(11, 'Balo & Túi Ví Nam', 'giay_dep.png', 1),
(12, 'Đồ Chơi', 'giay_dep_nu.png', 1),
(13, 'Chăm Sóc Thú Cưng', 'cham_soc_thu_cung.png', 1),
(14, 'Dụng cụ và thiết bị tiện ích', 'may_anh.png', 1),
(15, 'Thời Trang Nữ', 'may_tinh_lap_top.png', 1),
(16, 'Mẹ & Bé', 'me_va_be.png', 1),
(17, 'Nhà Cửa & Đời Sống', 'nha_cua_doi_song.png', 1),
(18, 'Sắc Đẹp', 'nha_sach_online.png', 1),
(19, 'Sức Khỏe', 'o_to_xe_may.png', 1),
(20, 'Giày Dép Nữ', 'phone.png', 1),
(21, 'Túi Ví Nữ', 'phu_kien_va_trang_suc.png', 1),
(22, 'Phụ Kiện & Trang Sức Nữ', 'sac_dep.png', 1),
(23, 'Bách Hóa Online', 'bach_hoa_online.png', 1),
(24, 'Nhà Sách Online', 'nha_sach_online.png', 1),
(25, 'Thời Trang Trẻ Em', 'thoi_trang_tre_em.png', 1),
(26, 'Giặt Giũ & Chăm Sóc Nhà Cửa', 'giat_giu.png', 1),
(27, 'Voucher & Dịch Vụ', 'voucher.png', 1);

-- --------------------------------------------------------

--
-- Cấu trúc bảng cho bảng `tbl_cities`
--

CREATE TABLE `tbl_cities` (
  `id` int(11) NOT NULL,
  `name` varchar(255) NOT NULL
) ENGINE=InnoDB DEFAULT CHARSET=utf8 COLLATE=utf8_general_ci;

--
-- Đang đổ dữ liệu cho bảng `tbl_cities`
--

INSERT INTO `tbl_cities` (`id`, `name`) VALUES
(1, 'An Giang'),
(2, 'Bà Rịa - Vũng Tàu'),
(3, 'Bình Dương'),
(4, 'Bình Phước'),
(5, 'Bình Thuận'),
(6, 'Bình Định'),
(7, 'Bạc Liêu'),
(8, 'Bắc Giang'),
(9, 'Bắc Kạn'),
(10, 'Bắc Ninh'),
(11, 'Bến Tre'),
(12, 'Cao Bằng'),
(13, 'Cà Mau'),
(14, 'Cần Thơ'),
(15, 'Gia Lai'),
(16, 'Hà Giang'),
(17, 'Hà Nam'),
(18, 'Hà Nội'),
(19, 'Hà Tĩnh'),
(20, 'Hòa Bình'),
(21, 'Hưng Yên'),
(22, 'Hải Dương'),
(23, 'Hải Phòng'),
(24, 'Hậu Giang'),
(25, 'Khánh Hòa'),
(26, 'Kiên Giang'),
(27, 'Kon Tum'),
(28, 'Lai Châu'),
(29, 'Long An'),
(30, 'Lào Cai'),
(31, 'Lâm Đồng'),
(32, 'Lạng Sơn'),
(33, 'Nam Định'),
(34, 'Nghệ An'),
(35, 'Ninh Bình'),
(36, 'Ninh Thuận'),
(37, 'Phú Thọ'),
(38, 'Phú Yên'),
(39, 'Quảng Bình'),
(40, 'Quảng Nam'),
(41, 'Quảng Ngãi'),
(42, 'Quảng Ninh'),
(43, 'Quảng Trị'),
(44, 'Sóc Trăng'),
(45, 'Sơn La'),
(46, 'TP. Hồ Chí Minh'),
(47, 'Thanh Hóa'),
(48, 'Thái Bình'),
(49, 'Thái Nguyên'),
(50, 'Thừa Thiên Huế'),
(51, 'Tiền Giang'),
(52, 'Trà Vinh'),
(53, 'Tuyên Quang'),
(54, 'Tây Ninh'),
(55, 'Vĩnh Long'),
(56, 'Vĩnh Phúc'),
(57, 'Yên Bái'),
(58, 'Điện Biên'),
(59, 'Đà Nẵng'),
(60, 'Đắk Lắk'),
(61, 'Đắk Nông'),
(62, 'Đồng Nai'),
(63, 'Đồng Tháp');

-- --------------------------------------------------------

--
-- Cấu trúc bảng cho bảng `tbl_districts`
--

CREATE TABLE `tbl_districts` (
  `id` int(11) NOT NULL,
  `name` varchar(255) NOT NULL,
  `city_id` int(11) DEFAULT NULL
) ENGINE=InnoDB DEFAULT CHARSET=utf8 COLLATE=utf8_general_ci;

--
-- Đang đổ dữ liệu cho bảng `tbl_districts`
--

INSERT INTO `tbl_districts` (`id`, `name`, `city_id`) VALUES
(1, 'Huyện An Phú', 1),
(2, 'Huyện Châu Phú', 1),
(3, 'Huyện Châu Thành', 1),
(4, 'Huyện Chợ Mới', 1),
(5, 'Huyện Phú Tân', 1),
(6, 'Huyện Thoại Sơn', 1),
(7, 'Huyện Tri Tôn', 1),
(8, 'Huyện Tịnh Biên', 1),
(9, 'Thành Phố Châu Đốc', 1),
(10, 'Thành Phố Long Xuyên', 1),
(11, 'Thị Xã Tân Châu', 1),
(12, 'Huyện Châu Đức', 2),
(13, 'Huyện Côn Đảo', 2),
(14, 'Huyện Long Điền', 2),
(15, 'Huyện Xuyên Mộc', 2),
(16, 'Huyện Đất Đỏ', 2),
(17, 'Thành Phố Bà Rịa', 2),
(18, 'Thành Phố Vũng Tàu', 2),
(19, 'Thị Xã Phú Mỹ', 2),
(20, 'Huyện Bàu Bàng', 3),
(21, 'Huyện Bắc Tân Uyên', 3),
(22, 'Huyện Dầu Tiếng', 3),
(23, 'Huyện Phú Giáo', 3),
(24, 'Thành Phố Dĩ An', 3),
(25, 'Thành Phố Thuận An', 3),
(26, 'Thành Phố Thủ Dầu Một', 3),
(27, 'Thị Xã Bến Cát', 3),
(28, 'Thị Xã Tân Uyên', 3),
(29, 'Huyện Bù Gia Mập', 4),
(30, 'Huyện Bù Đăng', 4),
(31, 'Huyện Bù Đốp', 4),
(32, 'Huyện Chơn Thành', 4),
(33, 'Huyện Hớn Quản', 4),
(34, 'Huyện Lộc Ninh', 4),
(35, 'Huyện Phú Riềng', 4),
(36, 'Huyện Đồng Phú', 4),
(37, 'Thành Phố Đồng Xoài', 4),
(38, 'Thị Xã Bình Long', 4),
(39, 'Thị Xã Phước Long', 4),
(40, 'Huyện Bắc Bình', 5),
(41, 'Huyện Hàm Thuận Bắc', 5),
(42, 'Huyện Hàm Thuận Nam', 5),
(43, 'Huyện Hàm Tân', 5),
(44, 'Huyện Phú Quí', 5),
(45, 'Huyện Tuy Phong', 5),
(46, 'Huyện Tánh Linh', 5),
(47, 'Huyện Đức Linh', 5),
(48, 'Thành Phố Phan Thiết', 5),
(49, 'Thị Xã La Gi', 5),
(50, 'Huyện An Lão', 6),
(51, 'Huyện Hoài Ân', 6),
(52, 'Huyện Phù Cát', 6),
(53, 'Huyện Phù Mỹ', 6),
(54, 'Huyện Tuy Phước', 6),
(55, 'Huyện Tây Sơn', 6),
(56, 'Huyện Vân Canh', 6),
(57, 'Huyện Vĩnh Thạnh', 6),
(58, 'Thành Phố Quy Nhơn', 6),
(59, 'Thị Xã An Nhơn', 6),
(60, 'Thị Xã Hoài Nhơn', 6),
(61, 'Huyện Hòa Bình', 7),
(62, 'Huyện Hồng Dân', 7),
(63, 'Huyện Phước Long', 7),
(64, 'Huyện Vĩnh Lợi', 7),
(65, 'Huyện Đông Hải', 7),
(66, 'Thành Phố Bạc Liêu', 7),
(67, 'Thị Xã Giá Rai', 7),
(68, 'Huyện Hiệp Hòa', 8),
(69, 'Huyện Lạng Giang', 8),
(70, 'Huyện Lục Nam', 8),
(71, 'Huyện Lục Ngạn', 8),
(72, 'Huyện Sơn Động', 8),
(73, 'Huyện Tân Yên', 8),
(74, 'Huyện Việt Yên', 8),
(75, 'Huyện Yên Dũng', 8),
(76, 'Huyện Yên Thế', 8),
(77, 'Thành Phố Bắc Giang', 8),
(78, 'Huyện Ba Bể', 9),
(79, 'Huyện Bạch Thông', 9),
(80, 'Huyện Chợ Mới', 9),
(81, 'Huyện Chợ Đồn', 9),
(82, 'Huyện Na Rì', 9),
(83, 'Huyện Ngân Sơn', 9),
(84, 'Huyện Pắc Nặm', 9),
(85, 'Thành Phố Bắc Kạn', 9),
(86, 'Huyện Gia Bình', 10),
(87, 'Huyện Lương Tài', 10),
(88, 'Huyện Quế Võ', 10),
(89, 'Huyện Thuận Thành', 10),
(90, 'Huyện Tiên Du', 10),
(91, 'Huyện Yên Phong', 10),
(92, 'Thành Phố Bắc Ninh', 10),
(93, 'Thành Phố Từ Sơn', 10),
(94, 'Huyện Ba Tri', 11),
(95, 'Huyện Bình Đại', 11),
(96, 'Huyện Châu Thành', 11),
(97, 'Huyện Chợ Lách', 11),
(98, 'Huyện Giồng Trôm', 11),
(99, 'Huyện Mỏ Cày Bắc', 11),
(100, 'Huyện Mỏ Cày Nam', 11),
(101, 'Huyện Thạnh Phú', 11),
(102, 'Thành Phố Bến Tre', 11),
(103, 'Huyện Bảo Lâm', 12),
(104, 'Huyện Bảo Lạc', 12),
(105, 'Huyện Hà Quảng', 12),
(106, 'Huyện Hòa An', 12),
(107, 'Huyện Hạ Lang', 12),
(108, 'Huyện Nguyên Bình', 12),
(109, 'Huyện Quảng Hòa', 12),
(110, 'Huyện Thạch An', 12),
(111, 'Huyện Trùng Khánh', 12),
(112, 'Thành Phố Cao Bằng', 12),
(113, 'Huyện Cái Nước', 13),
(114, 'Huyện Ngọc Hiển', 13),
(115, 'Huyện Năm Căn', 13),
(116, 'Huyện Phú Tân', 13),
(117, 'Huyện Thới Bình', 13),
(118, 'Huyện Trần Văn Thời', 13),
(119, 'Huyện U Minh', 13),
(120, 'Huyện Đầm Dơi', 13),
(121, 'Thành Phố Cà Mau', 13),
(122, 'Huyện Cờ Đỏ', 14),
(123, 'Huyện Phong Điền', 14),
(124, 'Huyện Thới Lai', 14),
(125, 'Huyện Vĩnh Thạnh', 14),
(126, 'Quận Bình Thủy', 14),
(127, 'Quận Cái Răng', 14),
(128, 'Quận Ninh Kiều', 14),
(129, 'Quận Thốt Nốt', 14),
(130, 'Quận Ô Môn', 14),
(131, 'Huyện Chư Prông', 15),
(132, 'Huyện Chư Păh', 15),
(133, 'Huyện Chư Pưh', 15),
(134, 'Huyện Chư Sê', 15),
(135, 'Huyện Ia Grai', 15),
(136, 'Huyện Ia Pa', 15),
(137, 'Huyện Kbang', 15),
(138, 'Huyện Krông Pa', 15),
(139, 'Huyện Kông Chro', 15),
(140, 'Huyện Mang Yang', 15),
(141, 'Huyện Phú Thiện', 15),
(142, 'Huyện Đăk Pơ', 15),
(143, 'Huyện Đăk Đoa', 15),
(144, 'Huyện Đức Cơ', 15),
(145, 'Thành Phố Pleiku', 15),
(146, 'Thị Xã An Khê', 15),
(147, 'Thị Xã Ayun Pa', 15),
(148, 'Huyện Bắc Mê', 16),
(149, 'Huyện Bắc Quang', 16),
(150, 'Huyện Hoàng Su Phì', 16),
(151, 'Huyện Mèo Vạc', 16),
(152, 'Huyện Quang Bình', 16),
(153, 'Huyện Quản Bạ', 16),
(154, 'Huyện Vị Xuyên', 16),
(155, 'Huyện Xín Mần', 16),
(156, 'Huyện Yên Minh', 16),
(157, 'Huyện Đồng Văn', 16),
(158, 'Thành Phố Hà Giang', 16),
(159, 'Huyện Bình Lục', 17),
(160, 'Huyện Kim Bảng', 17),
(161, 'Huyện Lý Nhân', 17),
(162, 'Huyện Thanh Liêm', 17),
(163, 'Thành Phố Phủ Lý', 17),
(164, 'Thị Xã Duy Tiên', 17),
(165, 'Huyện Ba Vì', 18),
(166, 'Huyện Chương Mỹ', 18),
(167, 'Huyện Gia Lâm', 18),
(168, 'Huyện Hoài Đức', 18),
(169, 'Huyện Mê Linh', 18),
(170, 'Huyện Mỹ Đức', 18),
(171, 'Huyện Phú Xuyên', 18),
(172, 'Huyện Phúc Thọ', 18),
(173, 'Huyện Quốc Oai', 18),
(174, 'Huyện Sóc Sơn', 18),
(175, 'Huyện Thanh Oai', 18),
(176, 'Huyện Thanh Trì', 18),
(177, 'Huyện Thường Tín', 18),
(178, 'Huyện Thạch Thất', 18),
(179, 'Huyện Đan Phượng', 18),
(180, 'Huyện Đông Anh', 18),
(181, 'Huyện Ứng Hòa', 18),
(182, 'Quận Ba Đình', 18),
(183, 'Quận Bắc Từ Liêm', 18),
(184, 'Quận Cầu Giấy', 18),
(185, 'Quận Hai Bà Trưng', 18),
(186, 'Quận Hoàn Kiếm', 18),
(187, 'Quận Hoàng Mai', 18),
(188, 'Quận Hà Đông', 18),
(189, 'Quận Long Biên', 18),
(190, 'Quận Nam Từ Liêm', 18),
(191, 'Quận Thanh Xuân', 18),
(192, 'Quận Tây Hồ', 18),
(193, 'Quận Đống Đa', 18),
(194, 'Thị Xã Sơn Tây', 18),
(195, 'Huyện Can Lộc', 19),
(196, 'Huyện Cẩm Xuyên', 19),
(197, 'Huyện Hương Khê', 19),
(198, 'Huyện Hương Sơn', 19),
(199, 'Huyện Kỳ Anh', 19),
(200, 'Huyện Lộc Hà', 19),
(201, 'Huyện Nghi Xuân', 19),
(202, 'Huyện Thạch Hà', 19),
(203, 'Huyện Vũ Quang', 19),
(204, 'Huyện Đức Thọ', 19),
(205, 'Thành Phố Hà Tĩnh', 19),
(206, 'Thị Xã Hồng Lĩnh', 19),
(207, 'Thị Xã Kỳ Anh', 19),
(208, 'Huyện Cao Phong', 20),
(209, 'Huyện Kim Bôi', 20),
(210, 'Huyện Lương Sơn', 20),
(211, 'Huyện Lạc Sơn', 20),
(212, 'Huyện Lạc Thủy', 20),
(213, 'Huyện Mai Châu', 20),
(214, 'Huyện Tân Lạc', 20),
(215, 'Huyện Yên Thủy', 20),
(216, 'Huyện Đà Bắc', 20),
(217, 'Thành Phố Hòa Bình', 20),
(218, 'Huyện Khoái Châu', 21),
(219, 'Huyện Kim Động', 21),
(220, 'Huyện Phù Cừ', 21),
(221, 'Huyện Tiên Lữ', 21),
(222, 'Huyện Văn Giang', 21),
(223, 'Huyện Văn Lâm', 21),
(224, 'Huyện Yên Mỹ', 21),
(225, 'Huyện Ân Thi', 21),
(226, 'Thành Phố Hưng Yên', 21),
(227, 'Thị Xã Mỹ Hào', 21),
(228, 'Huyện Bình Giang', 22),
(229, 'Huyện Cẩm Giàng', 22),
(230, 'Huyện Gia Lộc', 22),
(231, 'Huyện Kim Thành', 22),
(232, 'Huyện Nam Sách', 22),
(233, 'Huyện Ninh Giang', 22),
(234, 'Huyện Thanh Hà', 22),
(235, 'Huyện Thanh Miện', 22),
(236, 'Huyện Tứ Kỳ', 22),
(237, 'Thành Phố Chí Linh', 22),
(238, 'Thành Phố Hải Dương', 22),
(239, 'Thị Xã Kinh Môn', 22),
(240, 'Huyện An Dương', 23),
(241, 'Huyện An Lão', 23),
(242, 'Huyện Bạch Long Vĩ', 23),
(243, 'Huyện Cát Hải', 23),
(244, 'Huyện Kiến Thụy', 23),
(245, 'Huyện Thủy Nguyên', 23),
(246, 'Huyện Tiên Lãng', 23),
(247, 'Huyện Vĩnh Bảo', 23),
(248, 'Quận Dương Kinh', 23),
(249, 'Quận Hải An', 23),
(250, 'Quận Hồng Bàng', 23),
(251, 'Quận Kiến An', 23),
(252, 'Quận Lê Chân', 23),
(253, 'Quận Ngô Quyền', 23),
(254, 'Quận Đồ Sơn', 23),
(255, 'Huyện Châu Thành', 24),
(256, 'Huyện Châu Thành A', 24),
(257, 'Huyện Long Mỹ', 24),
(258, 'Huyện Phụng Hiệp', 24),
(259, 'Huyện Vị Thủy', 24),
(260, 'Thành Phố Ngã Bảy', 24),
(261, 'Thành Phố Vị Thanh', 24),
(262, 'Thị Xã Long Mỹ', 24),
(263, 'Huyện Cam Lâm', 25),
(264, 'Huyện Diên Khánh', 25),
(265, 'Huyện Khánh Sơn', 25),
(266, 'Huyện Khánh Vĩnh', 25),
(267, 'Huyện Trường Sa', 25),
(268, 'Huyện Vạn Ninh', 25),
(269, 'Thành Phố Cam Ranh', 25),
(270, 'Thành Phố Nha Trang', 25),
(271, 'Thị Xã Ninh Hòa', 25),
(272, 'Huyện An Biên', 26),
(273, 'Huyện An Minh', 26),
(274, 'Huyện Châu Thành', 26),
(275, 'Huyện Giang Thành', 26),
(276, 'Huyện Giồng Riềng', 26),
(277, 'Huyện Gò Quao', 26),
(278, 'Huyện Hòn Đất', 26),
(279, 'Huyện Kiên Hải', 26),
(280, 'Huyện Kiên Lương', 26),
(281, 'Huyện Tân Hiệp', 26),
(282, 'Huyện U Minh Thượng', 26),
(283, 'Huyện Vĩnh Thuận', 26),
(284, 'Thành Phố Hà Tiên', 26),
(285, 'Thành Phố Phú Quốc', 26),
(286, 'Thành Phố Rạch Giá', 26),
(287, 'Huyện Ia H\' Drai', 27),
(288, 'Huyện Kon Plông', 27),
(289, 'Huyện Kon Rẫy', 27),
(290, 'Huyện Ngọc Hồi', 27),
(291, 'Huyện Sa Thầy', 27),
(292, 'Huyện Tu Mơ Rông', 27),
(293, 'Huyện Đắk Glei', 27),
(294, 'Huyện Đắk Hà', 27),
(295, 'Huyện Đắk Tô', 27),
(296, 'Thành Phố Kon Tum', 27),
(297, 'Huyện Mường Tè', 28),
(298, 'Huyện Nậm Nhùn', 28),
(299, 'Huyện Phong Thổ', 28),
(300, 'Huyện Sìn Hồ', 28),
(301, 'Huyện Tam Đường', 28),
(302, 'Huyện Than Uyên', 28),
(303, 'Huyện Tân Uyên', 28),
(304, 'Thành Phố Lai Châu', 28),
(305, 'Huyện Bến Lức', 29),
(306, 'Huyện Châu Thành', 29),
(307, 'Huyện Cần Giuộc', 29),
(308, 'Huyện Cần Đước', 29),
(309, 'Huyện Mộc Hóa', 29),
(310, 'Huyện Thạnh Hóa', 29),
(311, 'Huyện Thủ Thừa', 29),
(312, 'Huyện Tân Hưng', 29),
(313, 'Huyện Tân Thạnh', 29),
(314, 'Huyện Tân Trụ', 29),
(315, 'Huyện Vĩnh Hưng', 29),
(316, 'Huyện Đức Huệ', 29),
(317, 'Huyện Đức Hòa', 29),
(318, 'Thành Phố Tân An', 29),
(319, 'Thị Xã Kiến Tường', 29),
(320, 'Huyện Bát Xát', 30),
(321, 'Huyện Bảo Thắng', 30),
(322, 'Huyện Bảo Yên', 30),
(323, 'Huyện Bắc Hà', 30),
(324, 'Huyện Mường Khương', 30),
(325, 'Huyện Si Ma Cai', 30),
(326, 'Huyện Văn Bàn', 30),
(327, 'Thành Phố Lào Cai', 30),
(328, 'Thị Xã Sa Pa', 30),
(329, 'Huyện Bảo Lâm', 31),
(330, 'Huyện Cát Tiên', 31),
(331, 'Huyện Di Linh', 31),
(332, 'Huyện Lâm Hà', 31),
(333, 'Huyện Lạc Dương', 31),
(334, 'Huyện Đam Rông', 31),
(335, 'Huyện Đơn Dương', 31),
(336, 'Huyện Đạ Huoai', 31),
(337, 'Huyện Đạ Tẻh', 31),
(338, 'Huyện Đức Trọng', 31),
(339, 'Thành Phố Bảo Lộc', 31),
(340, 'Thành Phố Đà Lạt', 31),
(341, 'Huyện Bình Gia', 32),
(342, 'Huyện Bắc Sơn', 32),
(343, 'Huyện Cao Lộc', 32),
(344, 'Huyện Chi Lăng', 32),
(345, 'Huyện Hữu Lũng', 32),
(346, 'Huyện Lộc Bình', 32),
(347, 'Huyện Tràng Định', 32),
(348, 'Huyện Văn Lãng', 32),
(349, 'Huyện Văn Quan', 32),
(350, 'Huyện Đình Lập', 32),
(351, 'Thành Phố Lạng Sơn', 32),
(352, 'Huyện Giao Thủy', 33),
(353, 'Huyện Hải Hậu', 33),
(354, 'Huyện Mỹ Lộc', 33),
(355, 'Huyện Nam Trực', 33),
(356, 'Huyện Nghĩa Hưng', 33),
(357, 'Huyện Trực Ninh', 33),
(358, 'Huyện Vụ Bản', 33),
(359, 'Huyện Xuân Trường', 33),
(360, 'Huyện Ý Yên', 33),
(361, 'Thành Phố Nam Định', 33),
(362, 'Huyện Anh Sơn', 34),
(363, 'Huyện Con Cuông', 34),
(364, 'Huyện Diễn Châu', 34),
(365, 'Huyện Hưng Nguyên', 34),
(366, 'Huyện Kỳ Sơn', 34),
(367, 'Huyện Nam Đàn', 34),
(368, 'Huyện Nghi Lộc', 34),
(369, 'Huyện Nghĩa Đàn', 34),
(370, 'Huyện Quế Phong', 34),
(371, 'Huyện Quỳ Châu', 34),
(372, 'Huyện Quỳ Hợp', 34),
(373, 'Huyện Quỳnh Lưu', 34),
(374, 'Huyện Thanh Chương', 34),
(375, 'Huyện Tân Kỳ', 34),
(376, 'Huyện Tương Dương', 34),
(377, 'Huyện Yên Thành', 34),
(378, 'Huyện Đô Lương', 34),
(379, 'Thành Phố Vinh', 34),
(380, 'Thị Xã Cửa Lò', 34),
(381, 'Thị Xã Hoàng Mai', 34),
(382, 'Thị Xã Thái Hòa', 34),
(383, 'Huyện Gia Viễn', 35),
(384, 'Huyện Hoa Lư', 35),
(385, 'Huyện Kim Sơn', 35),
(386, 'Huyện Nho Quan', 35),
(387, 'Huyện Yên Khánh', 35),
(388, 'Huyện Yên Mô', 35),
(389, 'Thành Phố Ninh Bình', 35),
(390, 'Thành Phố Tam Điệp', 35),
(391, 'Huyện Bác Ái', 36),
(392, 'Huyện Ninh Hải', 36),
(393, 'Huyện Ninh Phước', 36),
(394, 'Huyện Ninh Sơn', 36),
(395, 'Huyện Thuận Bắc', 36),
(396, 'Huyện Thuận Nam', 36),
(397, 'Thành Phố Phan Rang-Tháp Chàm', 36),
(398, 'Huyện Cẩm Khê', 37),
(399, 'Huyện Hạ Hòa', 37),
(400, 'Huyện Lâm Thao', 37),
(401, 'Huyện Phù Ninh', 37),
(402, 'Huyện Tam Nông', 37),
(403, 'Huyện Thanh Ba', 37),
(404, 'Huyện Thanh Sơn', 37),
(405, 'Huyện Thanh Thủy', 37),
(406, 'Huyện Tân Sơn', 37),
(407, 'Huyện Yên Lập', 37),
(408, 'Huyện Đoan Hùng', 37),
(409, 'Thành Phố Việt Trì', 37),
(410, 'Thị Xã Phú Thọ', 37),
(411, 'Huyện Phú Hòa', 38),
(412, 'Huyện Sông Hinh', 38),
(413, 'Huyện Sơn Hòa', 38),
(414, 'Huyện Tuy An', 38),
(415, 'Huyện Tây Hòa', 38),
(416, 'Huyện Đồng Xuân', 38),
(417, 'Thành Phố Tuy Hòa', 38),
(418, 'Thị Xã Sông Cầu', 38),
(419, 'Thị Xã Đông Hòa', 38),
(420, 'Huyện Bố Trạch', 39),
(421, 'Huyện Lệ Thủy', 39),
(422, 'Huyện Minh Hóa', 39),
(423, 'Huyện Quảng Ninh', 39),
(424, 'Huyện Quảng Trạch', 39),
(425, 'Huyện Tuyên Hóa', 39),
(426, 'Thành Phố Đồng Hới', 39),
(427, 'Thị Xã Ba Đồn', 39),
(428, 'Huyện Bắc Trà My', 40),
(429, 'Huyện Duy Xuyên', 40),
(430, 'Huyện Hiệp Đức', 40),
(431, 'Huyện Nam Giang', 40),
(432, 'Huyện Nam Trà My', 40),
(433, 'Huyện Nông Sơn', 40),
(434, 'Huyện Núi Thành', 40),
(435, 'Huyện Phú Ninh', 40),
(436, 'Huyện Phước Sơn', 40),
(437, 'Huyện Quế Sơn', 40),
(438, 'Huyện Thăng Bình', 40),
(439, 'Huyện Tiên Phước', 40),
(440, 'Huyện Tây Giang', 40),
(441, 'Huyện Đông Giang', 40),
(442, 'Huyện Đại Lộc', 40),
(443, 'Thành Phố Hội An', 40),
(444, 'Thành Phố Tam Kỳ', 40),
(445, 'Thị Xã Điện Bàn', 40),
(446, 'Huyện Ba Tơ', 41),
(447, 'Huyện Bình Sơn', 41),
(448, 'Huyện Lý Sơn', 41),
(449, 'Huyện Minh Long', 41),
(450, 'Huyện Mộ Đức', 41),
(451, 'Huyện Nghĩa Hành', 41),
(452, 'Huyện Sơn Hà', 41),
(453, 'Huyện Sơn Tây', 41),
(454, 'Huyện Sơn Tịnh', 41),
(455, 'Huyện Trà Bồng', 41),
(456, 'Huyện Tư Nghĩa', 41),
(457, 'Thành Phố Quảng Ngãi', 41),
(458, 'Thị Xã Đức Phổ', 41),
(459, 'Huyện Ba Chẽ', 42),
(460, 'Huyện Bình Liêu', 42),
(461, 'Huyện Cô Tô', 42),
(462, 'Huyện Hải Hà', 42),
(463, 'Huyện Tiên Yên', 42),
(464, 'Huyện Vân Đồn', 42),
(465, 'Huyện Đầm Hà', 42),
(466, 'Thành Phố Cẩm Phả', 42),
(467, 'Thành Phố Hạ Long', 42),
(468, 'Thành Phố Móng Cái', 42),
(469, 'Thành Phố Uông Bí', 42),
(470, 'Thị Xã Quảng Yên', 42),
(471, 'Thị Xã Đông Triều', 42),
(472, 'Huyện Cam Lộ', 43),
(473, 'Huyện Cồn Cỏ', 43),
(474, 'Huyện Gio Linh', 43),
(475, 'Huyện Hướng Hóa', 43),
(476, 'Huyện Hải Lăng', 43),
(477, 'Huyện Triệu Phong', 43),
(478, 'Huyện Vĩnh Linh', 43),
(479, 'Huyện Đa Krông', 43),
(480, 'Thành Phố Đông Hà', 43),
(481, 'Thị Xã Quảng Trị', 43),
(482, 'Huyện Châu Thành', 44),
(483, 'Huyện Cù Lao Dung', 44),
(484, 'Huyện Kế Sách', 44),
(485, 'Huyện Long Phú', 44),
(486, 'Huyện Mỹ Tú', 44),
(487, 'Huyện Mỹ Xuyên', 44),
(488, 'Huyện Thạnh Trị', 44),
(489, 'Huyện Trần Đề', 44),
(490, 'Thành Phố Sóc Trăng', 44),
(491, 'Thị Xã Ngã Năm', 44),
(492, 'Thị Xã Vĩnh Châu', 44),
(493, 'Huyện Bắc Yên', 45),
(494, 'Huyện Mai Sơn', 45),
(495, 'Huyện Mường La', 45),
(496, 'Huyện Mộc Châu', 45),
(497, 'Huyện Phù Yên', 45),
(498, 'Huyện Quỳnh Nhai', 45),
(499, 'Huyện Sông Mã', 45),
(500, 'Huyện Sốp Cộp', 45),
(501, 'Huyện Thuận Châu', 45),
(502, 'Huyện Vân Hồ', 45),
(503, 'Huyện Yên Châu', 45),
(504, 'Thành Phố Sơn La', 45),
(505, 'Huyện Bình Chánh', 46),
(506, 'Huyện Cần Giờ', 46),
(507, 'Huyện Củ Chi', 46),
(508, 'Huyện Hóc Môn', 46),
(509, 'Huyện Nhà Bè', 46),
(510, 'Quận 1', 46),
(511, 'Quận 10', 46),
(512, 'Quận 11', 46),
(513, 'Quận 12', 46),
(514, 'Quận 3', 46),
(515, 'Quận 4', 46),
(516, 'Quận 5', 46),
(517, 'Quận 6', 46),
(518, 'Quận 7', 46),
(519, 'Quận 8', 46),
(520, 'Quận Bình Thạnh', 46),
(521, 'Quận Bình Tân', 46),
(522, 'Quận Gò Vấp', 46),
(523, 'Quận Phú Nhuận', 46),
(524, 'Quận Tân Bình', 46),
(525, 'Quận Tân Phú', 46),
(526, 'Thành Phố Thủ Đức', 46),
(527, 'Huyện Bá Thước', 47),
(528, 'Huyện Cẩm Thủy', 47),
(529, 'Huyện Hoằng Hóa', 47),
(530, 'Huyện Hà Trung', 47),
(531, 'Huyện Hậu Lộc', 47),
(532, 'Huyện Lang Chánh', 47),
(533, 'Huyện Mường Lát', 47),
(534, 'Huyện Nga Sơn', 47),
(535, 'Huyện Ngọc Lặc', 47),
(536, 'Huyện Như Thanh', 47),
(537, 'Huyện Như Xuân', 47),
(538, 'Huyện Nông Cống', 47),
(539, 'Huyện Quan Hóa', 47),
(540, 'Huyện Quan Sơn', 47),
(541, 'Huyện Quảng Xương', 47),
(542, 'Huyện Thiệu Hóa', 47),
(543, 'Huyện Thường Xuân', 47),
(544, 'Huyện Thạch Thành', 47),
(545, 'Huyện Thọ Xuân', 47),
(546, 'Huyện Triệu Sơn', 47),
(547, 'Huyện Vĩnh Lộc', 47),
(548, 'Huyện Yên Định', 47),
(549, 'Huyện Đông Sơn', 47),
(550, 'Thành Phố Sầm Sơn', 47),
(551, 'Thành Phố Thanh Hóa', 47),
(552, 'Thị Xã Bỉm Sơn', 47),
(553, 'Thị Xã Nghi Sơn', 47),
(554, 'Huyện Hưng Hà', 48),
(555, 'Huyện Kiến Xương', 48),
(556, 'Huyện Quỳnh Phụ', 48),
(557, 'Huyện Thái Thụy', 48),
(558, 'Huyện Tiền Hải', 48),
(559, 'Huyện Vũ Thư', 48),
(560, 'Huyện Đông Hưng', 48),
(561, 'Thành Phố Thái Bình', 48),
(562, 'Huyện Phú Bình', 49),
(563, 'Huyện Phú Lương', 49),
(564, 'Huyện Võ Nhai', 49),
(565, 'Huyện Đại Từ', 49),
(566, 'Huyện Định Hóa', 49),
(567, 'Huyện Đồng Hỷ', 49),
(568, 'Thành Phố Phổ Yên', 49),
(569, 'Thành Phố Sông Công', 49),
(570, 'Thành Phố Thái Nguyên', 49),
(571, 'Huyện A Lưới', 50),
(572, 'Huyện Nam Đông', 50),
(573, 'Huyện Phong Điền', 50),
(574, 'Huyện Phú Lộc', 50),
(575, 'Huyện Phú Vang', 50),
(576, 'Huyện Quảng Điền', 50),
(577, 'Thành Phố Huế', 50),
(578, 'Thị Xã Hương Thủy', 50),
(579, 'Thị Xã Hương Trà', 50),
(580, 'Huyện Cai Lậy', 51),
(581, 'Huyện Châu Thành', 51),
(582, 'Huyện Chợ Gạo', 51),
(583, 'Huyện Cái Bè', 51),
(584, 'Huyện Gò Công Tây', 51),
(585, 'Huyện Gò Công Đông', 51),
(586, 'Huyện Tân Phú Đông', 51),
(587, 'Huyện Tân Phước', 51),
(588, 'Thành Phố Mỹ Tho', 51),
(589, 'Thị Xã Cai Lậy', 51),
(590, 'Thị Xã Gò Công', 51),
(591, 'Huyện Châu Thành', 52),
(592, 'Huyện Càng Long', 52),
(593, 'Huyện Cầu Kè', 52),
(594, 'Huyện Cầu Ngang', 52),
(595, 'Huyện Duyên Hải', 52),
(596, 'Huyện Tiểu Cần', 52),
(597, 'Huyện Trà Cú', 52),
(598, 'Thành Phố Trà Vinh', 52),
(599, 'Thị Xã Duyên Hải', 52),
(600, 'Huyện Chiêm Hóa', 53),
(601, 'Huyện Hàm Yên', 53),
(602, 'Huyện Lâm Bình', 53),
(603, 'Huyện Na Hang', 53),
(604, 'Huyện Sơn Dương', 53),
(605, 'Huyện Yên Sơn', 53),
(606, 'Thành Phố Tuyên Quang', 53),
(607, 'Huyện Bến Cầu', 54),
(608, 'Huyện Châu Thành', 54),
(609, 'Huyện Dương Minh Châu', 54),
(610, 'Huyện Gò Dầu', 54),
(611, 'Huyện Tân Biên', 54),
(612, 'Huyện Tân Châu', 54),
(613, 'Thành Phố Tây Ninh', 54),
(614, 'Thị Xã Hòa Thành', 54),
(615, 'Thị Xã Trảng Bàng', 54),
(616, 'Huyện Bình Tân', 55),
(617, 'Huyện Long Hồ', 55),
(618, 'Huyện Mang Thít', 55),
(619, 'Huyện Tam Bình', 55),
(620, 'Huyện Trà Ôn', 55),
(621, 'Huyện Vũng Liêm', 55),
(622, 'Thành Phố Vĩnh Long', 55),
(623, 'Thị Xã Bình Minh', 55),
(624, 'Huyện Bình Xuyên', 56),
(625, 'Huyện Lập Thạch', 56),
(626, 'Huyện Sông Lô', 56),
(627, 'Huyện Tam Dương', 56),
(628, 'Huyện Tam Đảo', 56),
(629, 'Huyện Vĩnh Tường', 56),
(630, 'Huyện Yên Lạc', 56),
(631, 'Thành Phố Phúc Yên', 56),
(632, 'Thành Phố Vĩnh Yên', 56),
(633, 'Huyện Lục Yên', 57),
(634, 'Huyện Mù Căng Chải', 57),
(635, 'Huyện Trạm Tấu', 57),
(636, 'Huyện Trấn Yên', 57),
(637, 'Huyện Văn Chấn', 57),
(638, 'Huyện Văn Yên', 57),
(639, 'Huyện Yên Bình', 57),
(640, 'Thành Phố Yên Bái', 57),
(641, 'Thị Xã Nghĩa Lộ', 57),
(642, 'Huyện Mường Chà', 58),
(643, 'Huyện Mường Nhé', 58),
(644, 'Huyện Mường Ảng', 58),
(645, 'Huyện Nậm Pồ', 58),
(646, 'Huyện Tuần Giáo', 58),
(647, 'Huyện Tủa Chùa', 58),
(648, 'Huyện Điện Biên', 58),
(649, 'Huyện Điện Biên Đông', 58),
(650, 'Thành Phố Điện Biên Phủ', 58),
(651, 'Thị Xã Mường Lay', 58),
(652, 'Huyện Hòa Vang', 59),
(653, 'Quận Cẩm Lệ', 59),
(654, 'Quận Hải Châu', 59),
(655, 'Quận Liên Chiểu', 59),
(656, 'Quận Ngũ Hành Sơn', 59),
(657, 'Quận Sơn Trà', 59),
(658, 'Quận Thanh Khê', 59),
(659, 'Huyện Buôn Đôn', 60),
(660, 'Huyện Cư Kuin', 60),
(661, 'Huyện Ea Kar', 60),
(662, 'Huyện An Phú', 1),
(663, 'Huyện Châu Phú', 1),
(664, 'Huyện Châu Thành', 1),
(665, 'Huyện Chợ Mới', 1),
(666, 'Huyện Phú Tân', 1),
(667, 'Huyện Thoại Sơn', 1),
(668, 'Huyện Tri Tôn', 1),
(669, 'Huyện Tịnh Biên', 1),
(670, 'Thành Phố Châu Đốc', 1),
(671, 'Thành Phố Long Xuyên', 1),
(672, 'Thị Xã Tân Châu', 1),
(673, 'Huyện Châu Đức', 2),
(674, 'Huyện Côn Đảo', 2),
(675, 'Huyện Long Điền', 2),
(676, 'Huyện Xuyên Mộc', 2),
(677, 'Huyện Đất Đỏ', 2),
(678, 'Thành Phố Bà Rịa', 2),
(679, 'Thành Phố Vũng Tàu', 2),
(680, 'Thị Xã Phú Mỹ', 2),
(681, 'Huyện Bàu Bàng', 3),
(682, 'Huyện Bắc Tân Uyên', 3),
(683, 'Huyện Dầu Tiếng', 3),
(684, 'Huyện Phú Giáo', 3),
(685, 'Thành Phố Dĩ An', 3),
(686, 'Thành Phố Thuận An', 3),
(687, 'Thành Phố Thủ Dầu Một', 3),
(688, 'Thị Xã Bến Cát', 3),
(689, 'Thị Xã Tân Uyên', 3),
(690, 'Huyện Bù Gia Mập', 4),
(691, 'Huyện Bù Đăng', 4),
(692, 'Huyện Bù Đốp', 4),
(693, 'Huyện Chơn Thành', 4),
(694, 'Huyện Hớn Quản', 4),
(695, 'Huyện Lộc Ninh', 4),
(696, 'Huyện Phú Riềng', 4),
(697, 'Huyện Đồng Phú', 4),
(698, 'Thành Phố Đồng Xoài', 4),
(699, 'Thị Xã Bình Long', 4),
(700, 'Thị Xã Phước Long', 4),
(701, 'Huyện Bắc Bình', 5),
(702, 'Huyện Hàm Thuận Bắc', 5),
(703, 'Huyện Hàm Thuận Nam', 5),
(704, 'Huyện Hàm Tân', 5),
(705, 'Huyện Phú Quí', 5),
(706, 'Huyện Tuy Phong', 5),
(707, 'Huyện Tánh Linh', 5),
(708, 'Huyện Đức Linh', 5),
(709, 'Thành Phố Phan Thiết', 5),
(710, 'Thị Xã La Gi', 5),
(711, 'Huyện An Lão', 6),
(712, 'Huyện Hoài Ân', 6),
(713, 'Huyện Phù Cát', 6),
(714, 'Huyện Phù Mỹ', 6),
(715, 'Huyện Tuy Phước', 6),
(716, 'Huyện Tây Sơn', 6),
(717, 'Huyện Vân Canh', 6),
(718, 'Huyện Vĩnh Thạnh', 6),
(719, 'Thành Phố Quy Nhơn', 6),
(720, 'Thị Xã An Nhơn', 6),
(721, 'Thị Xã Hoài Nhơn', 6),
(722, 'Huyện Hòa Bình', 7),
(723, 'Huyện Hồng Dân', 7),
(724, 'Huyện Phước Long', 7),
(725, 'Huyện Vĩnh Lợi', 7),
(726, 'Huyện Đông Hải', 7),
(727, 'Thành Phố Bạc Liêu', 7),
(728, 'Thị Xã Giá Rai', 7),
(729, 'Huyện Hiệp Hòa', 8),
(730, 'Huyện Lạng Giang', 8),
(731, 'Huyện Lục Nam', 8),
(732, 'Huyện Lục Ngạn', 8),
(733, 'Huyện Sơn Động', 8),
(734, 'Huyện Tân Yên', 8),
(735, 'Huyện Việt Yên', 8),
(736, 'Huyện Yên Dũng', 8),
(737, 'Huyện Yên Thế', 8),
(738, 'Thành Phố Bắc Giang', 8),
(739, 'Huyện Ba Bể', 9),
(740, 'Huyện Bạch Thông', 9),
(741, 'Huyện Chợ Mới', 9),
(742, 'Huyện Chợ Đồn', 9),
(743, 'Huyện Na Rì', 9),
(744, 'Huyện Ngân Sơn', 9),
(745, 'Huyện Pắc Nặm', 9),
(746, 'Thành Phố Bắc Kạn', 9),
(747, 'Huyện Gia Bình', 10),
(748, 'Huyện Lương Tài', 10),
(749, 'Huyện Quế Võ', 10),
(750, 'Huyện Thuận Thành', 10),
(751, 'Huyện Tiên Du', 10),
(752, 'Huyện Yên Phong', 10),
(753, 'Thành Phố Bắc Ninh', 10),
(754, 'Thành Phố Từ Sơn', 10),
(755, 'Huyện Ba Tri', 11),
(756, 'Huyện Bình Đại', 11),
(757, 'Huyện Châu Thành', 11),
(758, 'Huyện Chợ Lách', 11),
(759, 'Huyện Giồng Trôm', 11),
(760, 'Huyện Mỏ Cày Bắc', 11),
(761, 'Huyện Mỏ Cày Nam', 11),
(762, 'Huyện Thạnh Phú', 11),
(763, 'Thành Phố Bến Tre', 11),
(764, 'Huyện Bảo Lâm', 12),
(765, 'Huyện Bảo Lạc', 12),
(766, 'Huyện Hà Quảng', 12),
(767, 'Huyện Hòa An', 12),
(768, 'Huyện Hạ Lang', 12),
(769, 'Huyện Nguyên Bình', 12),
(770, 'Huyện Quảng Hòa', 12),
(771, 'Huyện Thạch An', 12),
(772, 'Huyện Trùng Khánh', 12),
(773, 'Thành Phố Cao Bằng', 12),
(774, 'Huyện Cái Nước', 13),
(775, 'Huyện Ngọc Hiển', 13),
(776, 'Huyện Năm Căn', 13),
(777, 'Huyện Phú Tân', 13),
(778, 'Huyện Thới Bình', 13),
(779, 'Huyện Trần Văn Thời', 13),
(780, 'Huyện U Minh', 13),
(781, 'Huyện Đầm Dơi', 13),
(782, 'Thành Phố Cà Mau', 13),
(783, 'Huyện Cờ Đỏ', 14),
(784, 'Huyện Phong Điền', 14),
(785, 'Huyện Thới Lai', 14),
(786, 'Huyện Vĩnh Thạnh', 14),
(787, 'Quận Bình Thủy', 14),
(788, 'Quận Cái Răng', 14),
(789, 'Quận Ninh Kiều', 14),
(790, 'Quận Thốt Nốt', 14),
(791, 'Quận Ô Môn', 14),
(792, 'Huyện Chư Prông', 15),
(793, 'Huyện Chư Păh', 15),
(794, 'Huyện Chư Pưh', 15),
(795, 'Huyện Chư Sê', 15),
(796, 'Huyện Ia Grai', 15),
(797, 'Huyện Ia Pa', 15),
(798, 'Huyện Kbang', 15),
(799, 'Huyện Krông Pa', 15),
(800, 'Huyện Kông Chro', 15),
(801, 'Huyện Mang Yang', 15),
(802, 'Huyện Phú Thiện', 15),
(803, 'Huyện Đăk Pơ', 15),
(804, 'Huyện Đăk Đoa', 15),
(805, 'Huyện Đức Cơ', 15),
(806, 'Thành Phố Pleiku', 15),
(807, 'Thị Xã An Khê', 15),
(808, 'Thị Xã Ayun Pa', 15),
(809, 'Huyện Bắc Mê', 16),
(810, 'Huyện Bắc Quang', 16),
(811, 'Huyện Hoàng Su Phì', 16),
(812, 'Huyện Mèo Vạc', 16),
(813, 'Huyện Quang Bình', 16),
(814, 'Huyện Quản Bạ', 16),
(815, 'Huyện Vị Xuyên', 16),
(816, 'Huyện Xín Mần', 16),
(817, 'Huyện Yên Minh', 16),
(818, 'Huyện Đồng Văn', 16),
(819, 'Thành Phố Hà Giang', 16),
(820, 'Huyện Bình Lục', 17),
(821, 'Huyện Kim Bảng', 17),
(822, 'Huyện Lý Nhân', 17),
(823, 'Huyện Thanh Liêm', 17),
(824, 'Thành Phố Phủ Lý', 17),
(825, 'Thị Xã Duy Tiên', 17),
(826, 'Huyện Ba Vì', 18),
(827, 'Huyện Chương Mỹ', 18),
(828, 'Huyện Gia Lâm', 18),
(829, 'Huyện Hoài Đức', 18),
(830, 'Huyện Mê Linh', 18),
(831, 'Huyện Mỹ Đức', 18),
(832, 'Huyện Phú Xuyên', 18),
(833, 'Huyện Phúc Thọ', 18),
(834, 'Huyện Quốc Oai', 18),
(835, 'Huyện Sóc Sơn', 18),
(836, 'Huyện Thanh Oai', 18),
(837, 'Huyện Thanh Trì', 18),
(838, 'Huyện Thường Tín', 18),
(839, 'Huyện Thạch Thất', 18),
(840, 'Huyện Đan Phượng', 18),
(841, 'Huyện Đông Anh', 18),
(842, 'Huyện Ứng Hòa', 18),
(843, 'Quận Ba Đình', 18),
(844, 'Quận Bắc Từ Liêm', 18),
(845, 'Quận Cầu Giấy', 18),
(846, 'Quận Hai Bà Trưng', 18),
(847, 'Quận Hoàn Kiếm', 18),
(848, 'Quận Hoàng Mai', 18),
(849, 'Quận Hà Đông', 18),
(850, 'Quận Long Biên', 18),
(851, 'Quận Nam Từ Liêm', 18),
(852, 'Quận Thanh Xuân', 18),
(853, 'Quận Tây Hồ', 18),
(854, 'Quận Đống Đa', 18),
(855, 'Thị Xã Sơn Tây', 18),
(856, 'Huyện Can Lộc', 19),
(857, 'Huyện Cẩm Xuyên', 19),
(858, 'Huyện Hương Khê', 19),
(859, 'Huyện Hương Sơn', 19),
(860, 'Huyện Kỳ Anh', 19),
(861, 'Huyện Lộc Hà', 19),
(862, 'Huyện Nghi Xuân', 19),
(863, 'Huyện Thạch Hà', 19),
(864, 'Huyện Vũ Quang', 19),
(865, 'Huyện Đức Thọ', 19),
(866, 'Thành Phố Hà Tĩnh', 19),
(867, 'Thị Xã Hồng Lĩnh', 19),
(868, 'Thị Xã Kỳ Anh', 19),
(869, 'Huyện Cao Phong', 20),
(870, 'Huyện Kim Bôi', 20),
(871, 'Huyện Lương Sơn', 20),
(872, 'Huyện Lạc Sơn', 20),
(873, 'Huyện Lạc Thủy', 20),
(874, 'Huyện Mai Châu', 20),
(875, 'Huyện Tân Lạc', 20),
(876, 'Huyện Yên Thủy', 20),
(877, 'Huyện Đà Bắc', 20),
(878, 'Thành Phố Hòa Bình', 20),
(879, 'Huyện Khoái Châu', 21),
(880, 'Huyện Kim Động', 21),
(881, 'Huyện Phù Cừ', 21),
(882, 'Huyện Tiên Lữ', 21),
(883, 'Huyện Văn Giang', 21),
(884, 'Huyện Văn Lâm', 21),
(885, 'Huyện Yên Mỹ', 21),
(886, 'Huyện Ân Thi', 21),
(887, 'Thành Phố Hưng Yên', 21),
(888, 'Thị Xã Mỹ Hào', 21),
(889, 'Huyện Bình Giang', 22),
(890, 'Huyện Cẩm Giàng', 22),
(891, 'Huyện Gia Lộc', 22),
(892, 'Huyện Kim Thành', 22),
(893, 'Huyện Nam Sách', 22),
(894, 'Huyện Ninh Giang', 22),
(895, 'Huyện Thanh Hà', 22),
(896, 'Huyện Thanh Miện', 22),
(897, 'Huyện Tứ Kỳ', 22),
(898, 'Thành Phố Chí Linh', 22),
(899, 'Thành Phố Hải Dương', 22),
(900, 'Thị Xã Kinh Môn', 22),
(901, 'Huyện An Dương', 23),
(902, 'Huyện An Lão', 23),
(903, 'Huyện Bạch Long Vĩ', 23),
(904, 'Huyện Cát Hải', 23),
(905, 'Huyện Kiến Thụy', 23),
(906, 'Huyện Thủy Nguyên', 23),
(907, 'Huyện Tiên Lãng', 23),
(908, 'Huyện Vĩnh Bảo', 23),
(909, 'Quận Dương Kinh', 23),
(910, 'Quận Hải An', 23),
(911, 'Quận Hồng Bàng', 23),
(912, 'Quận Kiến An', 23),
(913, 'Quận Lê Chân', 23),
(914, 'Quận Ngô Quyền', 23),
(915, 'Quận Đồ Sơn', 23),
(916, 'Huyện Châu Thành', 24),
(917, 'Huyện Châu Thành A', 24),
(918, 'Huyện Long Mỹ', 24),
(919, 'Huyện Phụng Hiệp', 24),
(920, 'Huyện Vị Thủy', 24),
(921, 'Thành Phố Ngã Bảy', 24),
(922, 'Thành Phố Vị Thanh', 24),
(923, 'Thị Xã Long Mỹ', 24),
(924, 'Huyện Cam Lâm', 25),
(925, 'Huyện Diên Khánh', 25),
(926, 'Huyện Khánh Sơn', 25),
(927, 'Huyện Khánh Vĩnh', 25),
(928, 'Huyện Trường Sa', 25),
(929, 'Huyện Vạn Ninh', 25),
(930, 'Thành Phố Cam Ranh', 25),
(931, 'Thành Phố Nha Trang', 25),
(932, 'Thị Xã Ninh Hòa', 25),
(933, 'Huyện An Biên', 26),
(934, 'Huyện An Minh', 26),
(935, 'Huyện Châu Thành', 26),
(936, 'Huyện Giang Thành', 26),
(937, 'Huyện Giồng Riềng', 26),
(938, 'Huyện Gò Quao', 26),
(939, 'Huyện Hòn Đất', 26),
(940, 'Huyện Kiên Hải', 26),
(941, 'Huyện Kiên Lương', 26),
(942, 'Huyện Tân Hiệp', 26),
(943, 'Huyện U Minh Thượng', 26),
(944, 'Huyện Vĩnh Thuận', 26),
(945, 'Thành Phố Hà Tiên', 26),
(946, 'Thành Phố Phú Quốc', 26),
(947, 'Thành Phố Rạch Giá', 26),
(948, 'Huyện Ia H\' Drai', 27),
(949, 'Huyện Kon Plông', 27),
(950, 'Huyện Kon Rẫy', 27),
(951, 'Huyện Ngọc Hồi', 27),
(952, 'Huyện Sa Thầy', 27),
(953, 'Huyện Tu Mơ Rông', 27),
(954, 'Huyện Đắk Glei', 27),
(955, 'Huyện Đắk Hà', 27),
(956, 'Huyện Đắk Tô', 27),
(957, 'Thành Phố Kon Tum', 27),
(958, 'Huyện Mường Tè', 28),
(959, 'Huyện Nậm Nhùn', 28),
(960, 'Huyện Phong Thổ', 28),
(961, 'Huyện Sìn Hồ', 28),
(962, 'Huyện Tam Đường', 28),
(963, 'Huyện Than Uyên', 28),
(964, 'Huyện Tân Uyên', 28),
(965, 'Thành Phố Lai Châu', 28),
(966, 'Huyện Bến Lức', 29),
(967, 'Huyện Châu Thành', 29),
(968, 'Huyện Cần Giuộc', 29),
(969, 'Huyện Cần Đước', 29),
(970, 'Huyện Mộc Hóa', 29),
(971, 'Huyện Thạnh Hóa', 29),
(972, 'Huyện Thủ Thừa', 29),
(973, 'Huyện Tân Hưng', 29),
(974, 'Huyện Tân Thạnh', 29),
(975, 'Huyện Tân Trụ', 29),
(976, 'Huyện Vĩnh Hưng', 29),
(977, 'Huyện Đức Huệ', 29),
(978, 'Huyện Đức Hòa', 29),
(979, 'Thành Phố Tân An', 29),
(980, 'Thị Xã Kiến Tường', 29),
(981, 'Huyện Bát Xát', 30),
(982, 'Huyện Bảo Thắng', 30),
(983, 'Huyện Bảo Yên', 30),
(984, 'Huyện Bắc Hà', 30),
(985, 'Huyện Mường Khương', 30),
(986, 'Huyện Si Ma Cai', 30),
(987, 'Huyện Văn Bàn', 30),
(988, 'Thành Phố Lào Cai', 30),
(989, 'Thị Xã Sa Pa', 30),
(990, 'Huyện Bảo Lâm', 31),
(991, 'Huyện Cát Tiên', 31),
(992, 'Huyện Di Linh', 31),
(993, 'Huyện Lâm Hà', 31),
(994, 'Huyện Lạc Dương', 31),
(995, 'Huyện Đam Rông', 31),
(996, 'Huyện Đơn Dương', 31),
(997, 'Huyện Đạ Huoai', 31),
(998, 'Huyện Đạ Tẻh', 31),
(999, 'Huyện Đức Trọng', 31),
(1000, 'Thành Phố Bảo Lộc', 31),
(1001, 'Thành Phố Đà Lạt', 31),
(1002, 'Huyện Bình Gia', 32),
(1003, 'Huyện Bắc Sơn', 32),
(1004, 'Huyện Cao Lộc', 32),
(1005, 'Huyện Chi Lăng', 32),
(1006, 'Huyện Hữu Lũng', 32),
(1007, 'Huyện Lộc Bình', 32),
(1008, 'Huyện Tràng Định', 32),
(1009, 'Huyện Văn Lãng', 32),
(1010, 'Huyện Văn Quan', 32),
(1011, 'Huyện Đình Lập', 32),
(1012, 'Thành Phố Lạng Sơn', 32),
(1013, 'Huyện Giao Thủy', 33),
(1014, 'Huyện Hải Hậu', 33),
(1015, 'Huyện Mỹ Lộc', 33),
(1016, 'Huyện Nam Trực', 33),
(1017, 'Huyện Nghĩa Hưng', 33),
(1018, 'Huyện Trực Ninh', 33),
(1019, 'Huyện Vụ Bản', 33),
(1020, 'Huyện Xuân Trường', 33),
(1021, 'Huyện Ý Yên', 33),
(1022, 'Thành Phố Nam Định', 33),
(1023, 'Huyện Anh Sơn', 34),
(1024, 'Huyện Con Cuông', 34),
(1025, 'Huyện Diễn Châu', 34),
(1026, 'Huyện Hưng Nguyên', 34),
(1027, 'Huyện Kỳ Sơn', 34),
(1028, 'Huyện Nam Đàn', 34),
(1029, 'Huyện Nghi Lộc', 34),
(1030, 'Huyện Nghĩa Đàn', 34),
(1031, 'Huyện Quế Phong', 34),
(1032, 'Huyện Quỳ Châu', 34),
(1033, 'Huyện Quỳ Hợp', 34),
(1034, 'Huyện Quỳnh Lưu', 34),
(1035, 'Huyện Thanh Chương', 34),
(1036, 'Huyện Tân Kỳ', 34),
(1037, 'Huyện Tương Dương', 34),
(1038, 'Huyện Yên Thành', 34),
(1039, 'Huyện Đô Lương', 34),
(1040, 'Thành Phố Vinh', 34),
(1041, 'Thị Xã Cửa Lò', 34),
(1042, 'Thị Xã Hoàng Mai', 34),
(1043, 'Thị Xã Thái Hòa', 34),
(1044, 'Huyện Gia Viễn', 35),
(1045, 'Huyện Hoa Lư', 35),
(1046, 'Huyện Kim Sơn', 35),
(1047, 'Huyện Nho Quan', 35),
(1048, 'Huyện Yên Khánh', 35),
(1049, 'Huyện Yên Mô', 35),
(1050, 'Thành Phố Ninh Bình', 35),
(1051, 'Thành Phố Tam Điệp', 35),
(1052, 'Huyện Bác Ái', 36),
(1053, 'Huyện Ninh Hải', 36),
(1054, 'Huyện Ninh Phước', 36),
(1055, 'Huyện Ninh Sơn', 36),
(1056, 'Huyện Thuận Bắc', 36),
(1057, 'Huyện Thuận Nam', 36),
(1058, 'Thành Phố Phan Rang-Tháp Chàm', 36),
(1059, 'Huyện Cẩm Khê', 37),
(1060, 'Huyện Hạ Hòa', 37),
(1061, 'Huyện Lâm Thao', 37),
(1062, 'Huyện Phù Ninh', 37),
(1063, 'Huyện Tam Nông', 37),
(1064, 'Huyện Thanh Ba', 37),
(1065, 'Huyện Thanh Sơn', 37),
(1066, 'Huyện Thanh Thủy', 37),
(1067, 'Huyện Tân Sơn', 37),
(1068, 'Huyện Yên Lập', 37),
(1069, 'Huyện Đoan Hùng', 37),
(1070, 'Thành Phố Việt Trì', 37),
(1071, 'Thị Xã Phú Thọ', 37),
(1072, 'Huyện Phú Hòa', 38),
(1073, 'Huyện Sông Hinh', 38),
(1074, 'Huyện Sơn Hòa', 38),
(1075, 'Huyện Tuy An', 38),
(1076, 'Huyện Tây Hòa', 38),
(1077, 'Huyện Đồng Xuân', 38),
(1078, 'Thành Phố Tuy Hòa', 38),
(1079, 'Thị Xã Sông Cầu', 38),
(1080, 'Thị Xã Đông Hòa', 38),
(1081, 'Huyện Bố Trạch', 39),
(1082, 'Huyện Lệ Thủy', 39),
(1083, 'Huyện Minh Hóa', 39),
(1084, 'Huyện Quảng Ninh', 39),
(1085, 'Huyện Quảng Trạch', 39),
(1086, 'Huyện Tuyên Hóa', 39),
(1087, 'Thành Phố Đồng Hới', 39),
(1088, 'Thị Xã Ba Đồn', 39),
(1089, 'Huyện Bắc Trà My', 40),
(1090, 'Huyện Duy Xuyên', 40),
(1091, 'Huyện Hiệp Đức', 40),
(1092, 'Huyện Nam Giang', 40),
(1093, 'Huyện Nam Trà My', 40),
(1094, 'Huyện Nông Sơn', 40),
(1095, 'Huyện Núi Thành', 40),
(1096, 'Huyện Phú Ninh', 40),
(1097, 'Huyện Phước Sơn', 40),
(1098, 'Huyện Quế Sơn', 40),
(1099, 'Huyện Thăng Bình', 40),
(1100, 'Huyện Tiên Phước', 40),
(1101, 'Huyện Tây Giang', 40),
(1102, 'Huyện Đông Giang', 40),
(1103, 'Huyện Đại Lộc', 40),
(1104, 'Thành Phố Hội An', 40),
(1105, 'Thành Phố Tam Kỳ', 40),
(1106, 'Thị Xã Điện Bàn', 40),
(1107, 'Huyện Ba Tơ', 41),
(1108, 'Huyện Bình Sơn', 41),
(1109, 'Huyện Lý Sơn', 41),
(1110, 'Huyện Minh Long', 41),
(1111, 'Huyện Mộ Đức', 41),
(1112, 'Huyện Nghĩa Hành', 41),
(1113, 'Huyện Sơn Hà', 41),
(1114, 'Huyện Sơn Tây', 41),
(1115, 'Huyện Sơn Tịnh', 41),
(1116, 'Huyện Trà Bồng', 41),
(1117, 'Huyện Tư Nghĩa', 41),
(1118, 'Thành Phố Quảng Ngãi', 41),
(1119, 'Thị Xã Đức Phổ', 41),
(1120, 'Huyện Ba Chẽ', 42),
(1121, 'Huyện Bình Liêu', 42),
(1122, 'Huyện Cô Tô', 42),
(1123, 'Huyện Hải Hà', 42),
(1124, 'Huyện Tiên Yên', 42),
(1125, 'Huyện Vân Đồn', 42),
(1126, 'Huyện Đầm Hà', 42),
(1127, 'Thành Phố Cẩm Phả', 42),
(1128, 'Thành Phố Hạ Long', 42),
(1129, 'Thành Phố Móng Cái', 42),
(1130, 'Thành Phố Uông Bí', 42),
(1131, 'Thị Xã Quảng Yên', 42),
(1132, 'Thị Xã Đông Triều', 42),
(1133, 'Huyện Cam Lộ', 43),
(1134, 'Huyện Cồn Cỏ', 43),
(1135, 'Huyện Gio Linh', 43),
(1136, 'Huyện Hướng Hóa', 43),
(1137, 'Huyện Hải Lăng', 43),
(1138, 'Huyện Triệu Phong', 43),
(1139, 'Huyện Vĩnh Linh', 43),
(1140, 'Huyện Đa Krông', 43),
(1141, 'Thành Phố Đông Hà', 43),
(1142, 'Thị Xã Quảng Trị', 43),
(1143, 'Huyện Châu Thành', 44),
(1144, 'Huyện Cù Lao Dung', 44),
(1145, 'Huyện Kế Sách', 44),
(1146, 'Huyện Long Phú', 44),
(1147, 'Huyện Mỹ Tú', 44),
(1148, 'Huyện Mỹ Xuyên', 44),
(1149, 'Huyện Thạnh Trị', 44),
(1150, 'Huyện Trần Đề', 44),
(1151, 'Thành Phố Sóc Trăng', 44),
(1152, 'Thị Xã Ngã Năm', 44),
(1153, 'Thị Xã Vĩnh Châu', 44),
(1154, 'Huyện Bắc Yên', 45),
(1155, 'Huyện Mai Sơn', 45),
(1156, 'Huyện Mường La', 45),
(1157, 'Huyện Mộc Châu', 45),
(1158, 'Huyện Phù Yên', 45),
(1159, 'Huyện Quỳnh Nhai', 45),
(1160, 'Huyện Sông Mã', 45),
(1161, 'Huyện Sốp Cộp', 45),
(1162, 'Huyện Thuận Châu', 45),
(1163, 'Huyện Vân Hồ', 45),
(1164, 'Huyện Yên Châu', 45),
(1165, 'Thành Phố Sơn La', 45),
(1166, 'Huyện Bình Chánh', 46),
(1167, 'Huyện Cần Giờ', 46),
(1168, 'Huyện Củ Chi', 46),
(1169, 'Huyện Hóc Môn', 46),
(1170, 'Huyện Nhà Bè', 46),
(1171, 'Quận 1', 46),
(1172, 'Quận 10', 46),
(1173, 'Quận 11', 46),
(1174, 'Quận 12', 46),
(1175, 'Quận 3', 46),
(1176, 'Quận 4', 46),
(1177, 'Quận 5', 46),
(1178, 'Quận 6', 46),
(1179, 'Quận 7', 46),
(1180, 'Quận 8', 46),
(1181, 'Quận Bình Thạnh', 46),
(1182, 'Quận Bình Tân', 46),
(1183, 'Quận Gò Vấp', 46),
(1184, 'Quận Phú Nhuận', 46),
(1185, 'Quận Tân Bình', 46),
(1186, 'Quận Tân Phú', 46),
(1187, 'Thành Phố Thủ Đức', 46),
(1188, 'Huyện Bá Thước', 47),
(1189, 'Huyện Cẩm Thủy', 47),
(1190, 'Huyện Hoằng Hóa', 47),
(1191, 'Huyện Hà Trung', 47),
(1192, 'Huyện Hậu Lộc', 47),
(1193, 'Huyện Lang Chánh', 47),
(1194, 'Huyện Mường Lát', 47),
(1195, 'Huyện Nga Sơn', 47),
(1196, 'Huyện Ngọc Lặc', 47),
(1197, 'Huyện Như Thanh', 47),
(1198, 'Huyện Như Xuân', 47),
(1199, 'Huyện Nông Cống', 47),
(1200, 'Huyện Quan Hóa', 47),
(1201, 'Huyện Quan Sơn', 47),
(1202, 'Huyện Quảng Xương', 47),
(1203, 'Huyện Thiệu Hóa', 47),
(1204, 'Huyện Thường Xuân', 47),
(1205, 'Huyện Thạch Thành', 47),
(1206, 'Huyện Thọ Xuân', 47),
(1207, 'Huyện Triệu Sơn', 47),
(1208, 'Huyện Vĩnh Lộc', 47),
(1209, 'Huyện Yên Định', 47),
(1210, 'Huyện Đông Sơn', 47),
(1211, 'Thành Phố Sầm Sơn', 47),
(1212, 'Thành Phố Thanh Hóa', 47),
(1213, 'Thị Xã Bỉm Sơn', 47),
(1214, 'Thị Xã Nghi Sơn', 47),
(1215, 'Huyện Hưng Hà', 48),
(1216, 'Huyện Kiến Xương', 48),
(1217, 'Huyện Quỳnh Phụ', 48),
(1218, 'Huyện Thái Thụy', 48),
(1219, 'Huyện Tiền Hải', 48),
(1220, 'Huyện Vũ Thư', 48),
(1221, 'Huyện Đông Hưng', 48),
(1222, 'Thành Phố Thái Bình', 48),
(1223, 'Huyện Phú Bình', 49),
(1224, 'Huyện Phú Lương', 49),
(1225, 'Huyện Võ Nhai', 49),
(1226, 'Huyện Đại Từ', 49),
(1227, 'Huyện Định Hóa', 49),
(1228, 'Huyện Đồng Hỷ', 49),
(1229, 'Thành Phố Phổ Yên', 49),
(1230, 'Thành Phố Sông Công', 49),
(1231, 'Thành Phố Thái Nguyên', 49),
(1232, 'Huyện A Lưới', 50),
(1233, 'Huyện Nam Đông', 50),
(1234, 'Huyện Phong Điền', 50),
(1235, 'Huyện Phú Lộc', 50),
(1236, 'Huyện Phú Vang', 50),
(1237, 'Huyện Quảng Điền', 50),
(1238, 'Thành Phố Huế', 50),
(1239, 'Thị Xã Hương Thủy', 50),
(1240, 'Thị Xã Hương Trà', 50),
(1241, 'Huyện Cai Lậy', 51),
(1242, 'Huyện Châu Thành', 51),
(1243, 'Huyện Chợ Gạo', 51),
(1244, 'Huyện Cái Bè', 51),
(1245, 'Huyện Gò Công Tây', 51),
(1246, 'Huyện Gò Công Đông', 51),
(1247, 'Huyện Tân Phú Đông', 51),
(1248, 'Huyện Tân Phước', 51),
(1249, 'Thành Phố Mỹ Tho', 51),
(1250, 'Thị Xã Cai Lậy', 51),
(1251, 'Thị Xã Gò Công', 51),
(1252, 'Huyện Châu Thành', 52),
(1253, 'Huyện Càng Long', 52),
(1254, 'Huyện Cầu Kè', 52),
(1255, 'Huyện Cầu Ngang', 52),
(1256, 'Huyện Duyên Hải', 52),
(1257, 'Huyện Tiểu Cần', 52),
(1258, 'Huyện Trà Cú', 52),
(1259, 'Thành Phố Trà Vinh', 52),
(1260, 'Thị Xã Duyên Hải', 52),
(1261, 'Huyện Chiêm Hóa', 53),
(1262, 'Huyện Hàm Yên', 53),
(1263, 'Huyện Lâm Bình', 53),
(1264, 'Huyện Na Hang', 53),
(1265, 'Huyện Sơn Dương', 53),
(1266, 'Huyện Yên Sơn', 53),
(1267, 'Thành Phố Tuyên Quang', 53),
(1268, 'Huyện Bến Cầu', 54),
(1269, 'Huyện Châu Thành', 54),
(1270, 'Huyện Dương Minh Châu', 54),
(1271, 'Huyện Gò Dầu', 54),
(1272, 'Huyện Tân Biên', 54),
(1273, 'Huyện Tân Châu', 54),
(1274, 'Thành Phố Tây Ninh', 54),
(1275, 'Thị Xã Hòa Thành', 54),
(1276, 'Thị Xã Trảng Bàng', 54),
(1277, 'Huyện Bình Tân', 55),
(1278, 'Huyện Long Hồ', 55),
(1279, 'Huyện Mang Thít', 55),
(1280, 'Huyện Tam Bình', 55),
(1281, 'Huyện Trà Ôn', 55),
(1282, 'Huyện Vũng Liêm', 55),
(1283, 'Thành Phố Vĩnh Long', 55),
(1284, 'Thị Xã Bình Minh', 55),
(1285, 'Huyện Bình Xuyên', 56),
(1286, 'Huyện Lập Thạch', 56),
(1287, 'Huyện Sông Lô', 56),
(1288, 'Huyện Tam Dương', 56),
(1289, 'Huyện Tam Đảo', 56),
(1290, 'Huyện Vĩnh Tường', 56),
(1291, 'Huyện Yên Lạc', 56),
(1292, 'Thành Phố Phúc Yên', 56),
(1293, 'Thành Phố Vĩnh Yên', 56),
(1294, 'Huyện Lục Yên', 57),
(1295, 'Huyện Mù Căng Chải', 57),
(1296, 'Huyện Trạm Tấu', 57),
(1297, 'Huyện Trấn Yên', 57),
(1298, 'Huyện Văn Chấn', 57),
(1299, 'Huyện Văn Yên', 57),
(1300, 'Huyện Yên Bình', 57),
(1301, 'Thành Phố Yên Bái', 57),
(1302, 'Thị Xã Nghĩa Lộ', 57),
(1303, 'Huyện Mường Chà', 58),
(1304, 'Huyện Mường Nhé', 58),
(1305, 'Huyện Mường Ảng', 58),
(1306, 'Huyện Nậm Pồ', 58),
(1307, 'Huyện Tuần Giáo', 58),
(1308, 'Huyện Tủa Chùa', 58),
(1309, 'Huyện Điện Biên', 58),
(1310, 'Huyện Điện Biên Đông', 58),
(1311, 'Thành Phố Điện Biên Phủ', 58),
(1312, 'Thị Xã Mường Lay', 58),
(1313, 'Huyện Hòa Vang', 59),
(1314, 'Quận Cẩm Lệ', 59),
(1315, 'Quận Hải Châu', 59),
(1316, 'Quận Liên Chiểu', 59),
(1317, 'Quận Ngũ Hành Sơn', 59),
(1318, 'Quận Sơn Trà', 59),
(1319, 'Quận Thanh Khê', 59),
(1320, 'Huyện Buôn Đôn', 60),
(1321, 'Huyện Cư Kuin', 60),
(1322, 'Huyện Ea Kar', 60),
(1323, 'Huyện An Phú', 1),
(1324, 'Huyện Châu Phú', 1),
(1325, 'Huyện Châu Thành', 1),
(1326, 'Huyện Chợ Mới', 1),
(1327, 'Huyện Phú Tân', 1),
(1328, 'Huyện Thoại Sơn', 1),
(1329, 'Huyện Tri Tôn', 1),
(1330, 'Huyện Tịnh Biên', 1),
(1331, 'Thành Phố Châu Đốc', 1),
(1332, 'Thành Phố Long Xuyên', 1),
(1333, 'Thị Xã Tân Châu', 1),
(1334, 'Huyện Châu Đức', 2),
(1335, 'Huyện Côn Đảo', 2),
(1336, 'Huyện Long Điền', 2),
(1337, 'Huyện Xuyên Mộc', 2),
(1338, 'Huyện Đất Đỏ', 2),
(1339, 'Thành Phố Bà Rịa', 2),
(1340, 'Thành Phố Vũng Tàu', 2),
(1341, 'Thị Xã Phú Mỹ', 2),
(1342, 'Huyện Bàu Bàng', 3),
(1343, 'Huyện Bắc Tân Uyên', 3),
(1344, 'Huyện Dầu Tiếng', 3),
(1345, 'Huyện Phú Giáo', 3),
(1346, 'Thành Phố Dĩ An', 3),
(1347, 'Thành Phố Thuận An', 3),
(1348, 'Thành Phố Thủ Dầu Một', 3),
(1349, 'Thị Xã Bến Cát', 3),
(1350, 'Thị Xã Tân Uyên', 3),
(1351, 'Huyện Bù Gia Mập', 4),
(1352, 'Huyện Bù Đăng', 4),
(1353, 'Huyện Bù Đốp', 4),
(1354, 'Huyện Chơn Thành', 4),
(1355, 'Huyện Hớn Quản', 4),
(1356, 'Huyện Lộc Ninh', 4),
(1357, 'Huyện Phú Riềng', 4),
(1358, 'Huyện Đồng Phú', 4),
(1359, 'Thành Phố Đồng Xoài', 4),
(1360, 'Thị Xã Bình Long', 4),
(1361, 'Thị Xã Phước Long', 4),
(1362, 'Huyện Bắc Bình', 5),
(1363, 'Huyện Hàm Thuận Bắc', 5),
(1364, 'Huyện Hàm Thuận Nam', 5),
(1365, 'Huyện Hàm Tân', 5),
(1366, 'Huyện Phú Quí', 5),
(1367, 'Huyện Tuy Phong', 5),
(1368, 'Huyện Tánh Linh', 5),
(1369, 'Huyện Đức Linh', 5),
(1370, 'Thành Phố Phan Thiết', 5),
(1371, 'Thị Xã La Gi', 5),
(1372, 'Huyện An Lão', 6),
(1373, 'Huyện Hoài Ân', 6),
(1374, 'Huyện Phù Cát', 6),
(1375, 'Huyện Phù Mỹ', 6),
(1376, 'Huyện Tuy Phước', 6),
(1377, 'Huyện Tây Sơn', 6),
(1378, 'Huyện Vân Canh', 6),
(1379, 'Huyện Vĩnh Thạnh', 6),
(1380, 'Thành Phố Quy Nhơn', 6),
(1381, 'Thị Xã An Nhơn', 6),
(1382, 'Thị Xã Hoài Nhơn', 6),
(1383, 'Huyện Hòa Bình', 7),
(1384, 'Huyện Hồng Dân', 7),
(1385, 'Huyện Phước Long', 7),
(1386, 'Huyện Vĩnh Lợi', 7),
(1387, 'Huyện Đông Hải', 7),
(1388, 'Thành Phố Bạc Liêu', 7),
(1389, 'Thị Xã Giá Rai', 7),
(1390, 'Huyện Hiệp Hòa', 8),
(1391, 'Huyện Lạng Giang', 8),
(1392, 'Huyện Lục Nam', 8),
(1393, 'Huyện Lục Ngạn', 8),
(1394, 'Huyện Sơn Động', 8),
(1395, 'Huyện Tân Yên', 8),
(1396, 'Huyện Việt Yên', 8),
(1397, 'Huyện Yên Dũng', 8),
(1398, 'Huyện Yên Thế', 8),
(1399, 'Thành Phố Bắc Giang', 8),
(1400, 'Huyện Ba Bể', 9),
(1401, 'Huyện Bạch Thông', 9),
(1402, 'Huyện Chợ Mới', 9),
(1403, 'Huyện Chợ Đồn', 9),
(1404, 'Huyện Na Rì', 9),
(1405, 'Huyện Ngân Sơn', 9),
(1406, 'Huyện Pắc Nặm', 9),
(1407, 'Thành Phố Bắc Kạn', 9),
(1408, 'Huyện Gia Bình', 10),
(1409, 'Huyện Lương Tài', 10),
(1410, 'Huyện Quế Võ', 10),
(1411, 'Huyện Thuận Thành', 10),
(1412, 'Huyện Tiên Du', 10),
(1413, 'Huyện Yên Phong', 10),
(1414, 'Thành Phố Bắc Ninh', 10),
(1415, 'Thành Phố Từ Sơn', 10),
(1416, 'Huyện Ba Tri', 11),
(1417, 'Huyện Bình Đại', 11),
(1418, 'Huyện Châu Thành', 11),
(1419, 'Huyện Chợ Lách', 11),
(1420, 'Huyện Giồng Trôm', 11),
(1421, 'Huyện Mỏ Cày Bắc', 11),
(1422, 'Huyện Mỏ Cày Nam', 11),
(1423, 'Huyện Thạnh Phú', 11),
(1424, 'Thành Phố Bến Tre', 11),
(1425, 'Huyện Bảo Lâm', 12),
(1426, 'Huyện Bảo Lạc', 12),
(1427, 'Huyện Hà Quảng', 12),
(1428, 'Huyện Hòa An', 12),
(1429, 'Huyện Hạ Lang', 12),
(1430, 'Huyện Nguyên Bình', 12),
(1431, 'Huyện Quảng Hòa', 12),
(1432, 'Huyện Thạch An', 12),
(1433, 'Huyện Trùng Khánh', 12),
(1434, 'Thành Phố Cao Bằng', 12),
(1435, 'Huyện Cái Nước', 13),
(1436, 'Huyện Ngọc Hiển', 13),
(1437, 'Huyện Năm Căn', 13),
(1438, 'Huyện Phú Tân', 13),
(1439, 'Huyện Thới Bình', 13),
(1440, 'Huyện Trần Văn Thời', 13),
(1441, 'Huyện U Minh', 13),
(1442, 'Huyện Đầm Dơi', 13),
(1443, 'Thành Phố Cà Mau', 13),
(1444, 'Huyện Cờ Đỏ', 14),
(1445, 'Huyện Phong Điền', 14),
(1446, 'Huyện Thới Lai', 14),
(1447, 'Huyện Vĩnh Thạnh', 14),
(1448, 'Quận Bình Thủy', 14),
(1449, 'Quận Cái Răng', 14),
(1450, 'Quận Ninh Kiều', 14),
(1451, 'Quận Thốt Nốt', 14),
(1452, 'Quận Ô Môn', 14),
(1453, 'Huyện Chư Prông', 15),
(1454, 'Huyện Chư Păh', 15),
(1455, 'Huyện Chư Pưh', 15),
(1456, 'Huyện Chư Sê', 15),
(1457, 'Huyện Ia Grai', 15),
(1458, 'Huyện Ia Pa', 15),
(1459, 'Huyện Kbang', 15),
(1460, 'Huyện Krông Pa', 15),
(1461, 'Huyện Kông Chro', 15),
(1462, 'Huyện Mang Yang', 15),
(1463, 'Huyện Phú Thiện', 15),
(1464, 'Huyện Đăk Pơ', 15),
(1465, 'Huyện Đăk Đoa', 15),
(1466, 'Huyện Đức Cơ', 15),
(1467, 'Thành Phố Pleiku', 15),
(1468, 'Thị Xã An Khê', 15),
(1469, 'Thị Xã Ayun Pa', 15),
(1470, 'Huyện Bắc Mê', 16),
(1471, 'Huyện Bắc Quang', 16),
(1472, 'Huyện Hoàng Su Phì', 16),
(1473, 'Huyện Mèo Vạc', 16),
(1474, 'Huyện Quang Bình', 16),
(1475, 'Huyện Quản Bạ', 16),
(1476, 'Huyện Vị Xuyên', 16),
(1477, 'Huyện Xín Mần', 16),
(1478, 'Huyện Yên Minh', 16),
(1479, 'Huyện Đồng Văn', 16),
(1480, 'Thành Phố Hà Giang', 16),
(1481, 'Huyện Bình Lục', 17),
(1482, 'Huyện Kim Bảng', 17),
(1483, 'Huyện Lý Nhân', 17),
(1484, 'Huyện Thanh Liêm', 17),
(1485, 'Thành Phố Phủ Lý', 17),
(1486, 'Thị Xã Duy Tiên', 17),
(1487, 'Huyện Ba Vì', 18),
(1488, 'Huyện Chương Mỹ', 18),
(1489, 'Huyện Gia Lâm', 18),
(1490, 'Huyện Hoài Đức', 18),
(1491, 'Huyện Mê Linh', 18),
(1492, 'Huyện Mỹ Đức', 18),
(1493, 'Huyện Phú Xuyên', 18),
(1494, 'Huyện Phúc Thọ', 18),
(1495, 'Huyện Quốc Oai', 18),
(1496, 'Huyện Sóc Sơn', 18),
(1497, 'Huyện Thanh Oai', 18),
(1498, 'Huyện Thanh Trì', 18),
(1499, 'Huyện Thường Tín', 18),
(1500, 'Huyện Thạch Thất', 18),
(1501, 'Huyện Đan Phượng', 18),
(1502, 'Huyện Đông Anh', 18),
(1503, 'Huyện Ứng Hòa', 18),
(1504, 'Quận Ba Đình', 18),
(1505, 'Quận Bắc Từ Liêm', 18),
(1506, 'Quận Cầu Giấy', 18),
(1507, 'Quận Hai Bà Trưng', 18),
(1508, 'Quận Hoàn Kiếm', 18),
(1509, 'Quận Hoàng Mai', 18),
(1510, 'Quận Hà Đông', 18),
(1511, 'Quận Long Biên', 18),
(1512, 'Quận Nam Từ Liêm', 18),
(1513, 'Quận Thanh Xuân', 18),
(1514, 'Quận Tây Hồ', 18),
(1515, 'Quận Đống Đa', 18),
(1516, 'Thị Xã Sơn Tây', 18),
(1517, 'Huyện Can Lộc', 19),
(1518, 'Huyện Cẩm Xuyên', 19),
(1519, 'Huyện Hương Khê', 19),
(1520, 'Huyện Hương Sơn', 19),
(1521, 'Huyện Kỳ Anh', 19),
(1522, 'Huyện Lộc Hà', 19),
(1523, 'Huyện Nghi Xuân', 19),
(1524, 'Huyện Thạch Hà', 19),
(1525, 'Huyện Vũ Quang', 19),
(1526, 'Huyện Đức Thọ', 19),
(1527, 'Thành Phố Hà Tĩnh', 19),
(1528, 'Thị Xã Hồng Lĩnh', 19),
(1529, 'Thị Xã Kỳ Anh', 19),
(1530, 'Huyện Cao Phong', 20),
(1531, 'Huyện Kim Bôi', 20),
(1532, 'Huyện Lương Sơn', 20),
(1533, 'Huyện Lạc Sơn', 20),
(1534, 'Huyện Lạc Thủy', 20),
(1535, 'Huyện Mai Châu', 20),
(1536, 'Huyện Tân Lạc', 20),
(1537, 'Huyện Yên Thủy', 20),
(1538, 'Huyện Đà Bắc', 20),
(1539, 'Thành Phố Hòa Bình', 20),
(1540, 'Huyện Khoái Châu', 21),
(1541, 'Huyện Kim Động', 21),
(1542, 'Huyện Phù Cừ', 21),
(1543, 'Huyện Tiên Lữ', 21),
(1544, 'Huyện Văn Giang', 21),
(1545, 'Huyện Văn Lâm', 21),
(1546, 'Huyện Yên Mỹ', 21),
(1547, 'Huyện Ân Thi', 21),
(1548, 'Thành Phố Hưng Yên', 21),
(1549, 'Thị Xã Mỹ Hào', 21),
(1550, 'Huyện Bình Giang', 22),
(1551, 'Huyện Cẩm Giàng', 22),
(1552, 'Huyện Gia Lộc', 22),
(1553, 'Huyện Kim Thành', 22),
(1554, 'Huyện Nam Sách', 22),
(1555, 'Huyện Ninh Giang', 22),
(1556, 'Huyện Thanh Hà', 22),
(1557, 'Huyện Thanh Miện', 22),
(1558, 'Huyện Tứ Kỳ', 22),
(1559, 'Thành Phố Chí Linh', 22),
(1560, 'Thành Phố Hải Dương', 22),
(1561, 'Thị Xã Kinh Môn', 22),
(1562, 'Huyện An Dương', 23),
(1563, 'Huyện An Lão', 23),
(1564, 'Huyện Bạch Long Vĩ', 23),
(1565, 'Huyện Cát Hải', 23),
(1566, 'Huyện Kiến Thụy', 23),
(1567, 'Huyện Thủy Nguyên', 23),
(1568, 'Huyện Tiên Lãng', 23),
(1569, 'Huyện Vĩnh Bảo', 23),
(1570, 'Quận Dương Kinh', 23),
(1571, 'Quận Hải An', 23),
(1572, 'Quận Hồng Bàng', 23),
(1573, 'Quận Kiến An', 23),
(1574, 'Quận Lê Chân', 23),
(1575, 'Quận Ngô Quyền', 23),
(1576, 'Quận Đồ Sơn', 23),
(1577, 'Huyện Châu Thành', 24),
(1578, 'Huyện Châu Thành A', 24),
(1579, 'Huyện Long Mỹ', 24),
(1580, 'Huyện Phụng Hiệp', 24),
(1581, 'Huyện Vị Thủy', 24),
(1582, 'Thành Phố Ngã Bảy', 24),
(1583, 'Thành Phố Vị Thanh', 24),
(1584, 'Thị Xã Long Mỹ', 24),
(1585, 'Huyện Cam Lâm', 25),
(1586, 'Huyện Diên Khánh', 25),
(1587, 'Huyện Khánh Sơn', 25),
(1588, 'Huyện Khánh Vĩnh', 25),
(1589, 'Huyện Trường Sa', 25),
(1590, 'Huyện Vạn Ninh', 25),
(1591, 'Thành Phố Cam Ranh', 25),
(1592, 'Thành Phố Nha Trang', 25),
(1593, 'Thị Xã Ninh Hòa', 25),
(1594, 'Huyện An Biên', 26),
(1595, 'Huyện An Minh', 26),
(1596, 'Huyện Châu Thành', 26),
(1597, 'Huyện Giang Thành', 26),
(1598, 'Huyện Giồng Riềng', 26),
(1599, 'Huyện Gò Quao', 26),
(1600, 'Huyện Hòn Đất', 26),
(1601, 'Huyện Kiên Hải', 26),
(1602, 'Huyện Kiên Lương', 26),
(1603, 'Huyện Tân Hiệp', 26),
(1604, 'Huyện U Minh Thượng', 26),
(1605, 'Huyện Vĩnh Thuận', 26),
(1606, 'Thành Phố Hà Tiên', 26),
(1607, 'Thành Phố Phú Quốc', 26),
(1608, 'Thành Phố Rạch Giá', 26),
(1609, 'Huyện Ia H\' Drai', 27),
(1610, 'Huyện Kon Plông', 27),
(1611, 'Huyện Kon Rẫy', 27),
(1612, 'Huyện Ngọc Hồi', 27),
(1613, 'Huyện Sa Thầy', 27),
(1614, 'Huyện Tu Mơ Rông', 27),
(1615, 'Huyện Đắk Glei', 27),
(1616, 'Huyện Đắk Hà', 27),
(1617, 'Huyện Đắk Tô', 27),
(1618, 'Thành Phố Kon Tum', 27),
(1619, 'Huyện Mường Tè', 28),
(1620, 'Huyện Nậm Nhùn', 28),
(1621, 'Huyện Phong Thổ', 28),
(1622, 'Huyện Sìn Hồ', 28),
(1623, 'Huyện Tam Đường', 28),
(1624, 'Huyện Than Uyên', 28),
(1625, 'Huyện Tân Uyên', 28),
(1626, 'Thành Phố Lai Châu', 28),
(1627, 'Huyện Bến Lức', 29),
(1628, 'Huyện Châu Thành', 29),
(1629, 'Huyện Cần Giuộc', 29),
(1630, 'Huyện Cần Đước', 29),
(1631, 'Huyện Mộc Hóa', 29),
(1632, 'Huyện Thạnh Hóa', 29),
(1633, 'Huyện Thủ Thừa', 29),
(1634, 'Huyện Tân Hưng', 29),
(1635, 'Huyện Tân Thạnh', 29),
(1636, 'Huyện Tân Trụ', 29),
(1637, 'Huyện Vĩnh Hưng', 29),
(1638, 'Huyện Đức Huệ', 29),
(1639, 'Huyện Đức Hòa', 29),
(1640, 'Thành Phố Tân An', 29),
(1641, 'Thị Xã Kiến Tường', 29),
(1642, 'Huyện Bát Xát', 30),
(1643, 'Huyện Bảo Thắng', 30),
(1644, 'Huyện Bảo Yên', 30),
(1645, 'Huyện Bắc Hà', 30),
(1646, 'Huyện Mường Khương', 30),
(1647, 'Huyện Si Ma Cai', 30),
(1648, 'Huyện Văn Bàn', 30),
(1649, 'Thành Phố Lào Cai', 30),
(1650, 'Thị Xã Sa Pa', 30),
(1651, 'Huyện Bảo Lâm', 31),
(1652, 'Huyện Cát Tiên', 31),
(1653, 'Huyện Di Linh', 31),
(1654, 'Huyện Lâm Hà', 31),
(1655, 'Huyện Lạc Dương', 31),
(1656, 'Huyện Đam Rông', 31),
(1657, 'Huyện Đơn Dương', 31),
(1658, 'Huyện Đạ Huoai', 31),
(1659, 'Huyện Đạ Tẻh', 31),
(1660, 'Huyện Đức Trọng', 31),
(1661, 'Thành Phố Bảo Lộc', 31),
(1662, 'Thành Phố Đà Lạt', 31),
(1663, 'Huyện Bình Gia', 32),
(1664, 'Huyện Bắc Sơn', 32),
(1665, 'Huyện Cao Lộc', 32),
(1666, 'Huyện Chi Lăng', 32),
(1667, 'Huyện Hữu Lũng', 32),
(1668, 'Huyện Lộc Bình', 32),
(1669, 'Huyện Tràng Định', 32),
(1670, 'Huyện Văn Lãng', 32),
(1671, 'Huyện Văn Quan', 32),
(1672, 'Huyện Đình Lập', 32),
(1673, 'Thành Phố Lạng Sơn', 32),
(1674, 'Huyện Giao Thủy', 33),
(1675, 'Huyện Hải Hậu', 33),
(1676, 'Huyện Mỹ Lộc', 33),
(1677, 'Huyện Nam Trực', 33),
(1678, 'Huyện Nghĩa Hưng', 33),
(1679, 'Huyện Trực Ninh', 33),
(1680, 'Huyện Vụ Bản', 33),
(1681, 'Huyện Xuân Trường', 33),
(1682, 'Huyện Ý Yên', 33),
(1683, 'Thành Phố Nam Định', 33),
(1684, 'Huyện Anh Sơn', 34),
(1685, 'Huyện Con Cuông', 34),
(1686, 'Huyện Diễn Châu', 34),
(1687, 'Huyện Hưng Nguyên', 34),
(1688, 'Huyện Kỳ Sơn', 34),
(1689, 'Huyện Nam Đàn', 34),
(1690, 'Huyện Nghi Lộc', 34),
(1691, 'Huyện Nghĩa Đàn', 34),
(1692, 'Huyện Quế Phong', 34),
(1693, 'Huyện Quỳ Châu', 34),
(1694, 'Huyện Quỳ Hợp', 34),
(1695, 'Huyện Quỳnh Lưu', 34),
(1696, 'Huyện Thanh Chương', 34),
(1697, 'Huyện Tân Kỳ', 34),
(1698, 'Huyện Tương Dương', 34),
(1699, 'Huyện Yên Thành', 34),
(1700, 'Huyện Đô Lương', 34),
(1701, 'Thành Phố Vinh', 34),
(1702, 'Thị Xã Cửa Lò', 34),
(1703, 'Thị Xã Hoàng Mai', 34),
(1704, 'Thị Xã Thái Hòa', 34),
(1705, 'Huyện Gia Viễn', 35),
(1706, 'Huyện Hoa Lư', 35),
(1707, 'Huyện Kim Sơn', 35),
(1708, 'Huyện Nho Quan', 35),
(1709, 'Huyện Yên Khánh', 35),
(1710, 'Huyện Yên Mô', 35),
(1711, 'Thành Phố Ninh Bình', 35),
(1712, 'Thành Phố Tam Điệp', 35),
(1713, 'Huyện Bác Ái', 36),
(1714, 'Huyện Ninh Hải', 36),
(1715, 'Huyện Ninh Phước', 36),
(1716, 'Huyện Ninh Sơn', 36),
(1717, 'Huyện Thuận Bắc', 36),
(1718, 'Huyện Thuận Nam', 36),
(1719, 'Thành Phố Phan Rang-Tháp Chàm', 36),
(1720, 'Huyện Cẩm Khê', 37),
(1721, 'Huyện Hạ Hòa', 37),
(1722, 'Huyện Lâm Thao', 37),
(1723, 'Huyện Phù Ninh', 37),
(1724, 'Huyện Tam Nông', 37),
(1725, 'Huyện Thanh Ba', 37),
(1726, 'Huyện Thanh Sơn', 37),
(1727, 'Huyện Thanh Thủy', 37),
(1728, 'Huyện Tân Sơn', 37),
(1729, 'Huyện Yên Lập', 37),
(1730, 'Huyện Đoan Hùng', 37),
(1731, 'Thành Phố Việt Trì', 37),
(1732, 'Thị Xã Phú Thọ', 37),
(1733, 'Huyện Phú Hòa', 38),
(1734, 'Huyện Sông Hinh', 38),
(1735, 'Huyện Sơn Hòa', 38),
(1736, 'Huyện Tuy An', 38),
(1737, 'Huyện Tây Hòa', 38),
(1738, 'Huyện Đồng Xuân', 38),
(1739, 'Thành Phố Tuy Hòa', 38),
(1740, 'Thị Xã Sông Cầu', 38),
(1741, 'Thị Xã Đông Hòa', 38),
(1742, 'Huyện Bố Trạch', 39),
(1743, 'Huyện Lệ Thủy', 39),
(1744, 'Huyện Minh Hóa', 39),
(1745, 'Huyện Quảng Ninh', 39),
(1746, 'Huyện Quảng Trạch', 39),
(1747, 'Huyện Tuyên Hóa', 39),
(1748, 'Thành Phố Đồng Hới', 39),
(1749, 'Thị Xã Ba Đồn', 39),
(1750, 'Huyện Bắc Trà My', 40),
(1751, 'Huyện Duy Xuyên', 40),
(1752, 'Huyện Hiệp Đức', 40),
(1753, 'Huyện Nam Giang', 40),
(1754, 'Huyện Nam Trà My', 40),
(1755, 'Huyện Nông Sơn', 40),
(1756, 'Huyện Núi Thành', 40),
(1757, 'Huyện Phú Ninh', 40),
(1758, 'Huyện Phước Sơn', 40),
(1759, 'Huyện Quế Sơn', 40),
(1760, 'Huyện Thăng Bình', 40),
(1761, 'Huyện Tiên Phước', 40),
(1762, 'Huyện Tây Giang', 40),
(1763, 'Huyện Đông Giang', 40),
(1764, 'Huyện Đại Lộc', 40),
(1765, 'Thành Phố Hội An', 40),
(1766, 'Thành Phố Tam Kỳ', 40),
(1767, 'Thị Xã Điện Bàn', 40),
(1768, 'Huyện Ba Tơ', 41),
(1769, 'Huyện Bình Sơn', 41),
(1770, 'Huyện Lý Sơn', 41),
(1771, 'Huyện Minh Long', 41),
(1772, 'Huyện Mộ Đức', 41),
(1773, 'Huyện Nghĩa Hành', 41),
(1774, 'Huyện Sơn Hà', 41),
(1775, 'Huyện Sơn Tây', 41),
(1776, 'Huyện Sơn Tịnh', 41),
(1777, 'Huyện Trà Bồng', 41),
(1778, 'Huyện Tư Nghĩa', 41),
(1779, 'Thành Phố Quảng Ngãi', 41),
(1780, 'Thị Xã Đức Phổ', 41),
(1781, 'Huyện Ba Chẽ', 42),
(1782, 'Huyện Bình Liêu', 42),
(1783, 'Huyện Cô Tô', 42),
(1784, 'Huyện Hải Hà', 42),
(1785, 'Huyện Tiên Yên', 42),
(1786, 'Huyện Vân Đồn', 42),
(1787, 'Huyện Đầm Hà', 42),
(1788, 'Thành Phố Cẩm Phả', 42),
(1789, 'Thành Phố Hạ Long', 42),
(1790, 'Thành Phố Móng Cái', 42),
(1791, 'Thành Phố Uông Bí', 42),
(1792, 'Thị Xã Quảng Yên', 42),
(1793, 'Thị Xã Đông Triều', 42),
(1794, 'Huyện Cam Lộ', 43),
(1795, 'Huyện Cồn Cỏ', 43),
(1796, 'Huyện Gio Linh', 43),
(1797, 'Huyện Hướng Hóa', 43),
(1798, 'Huyện Hải Lăng', 43),
(1799, 'Huyện Triệu Phong', 43),
(1800, 'Huyện Vĩnh Linh', 43),
(1801, 'Huyện Đa Krông', 43);
INSERT INTO `tbl_districts` (`id`, `name`, `city_id`) VALUES
(1802, 'Thành Phố Đông Hà', 43),
(1803, 'Thị Xã Quảng Trị', 43),
(1804, 'Huyện Châu Thành', 44),
(1805, 'Huyện Cù Lao Dung', 44),
(1806, 'Huyện Kế Sách', 44),
(1807, 'Huyện Long Phú', 44),
(1808, 'Huyện Mỹ Tú', 44),
(1809, 'Huyện Mỹ Xuyên', 44),
(1810, 'Huyện Thạnh Trị', 44),
(1811, 'Huyện Trần Đề', 44),
(1812, 'Thành Phố Sóc Trăng', 44),
(1813, 'Thị Xã Ngã Năm', 44),
(1814, 'Thị Xã Vĩnh Châu', 44),
(1815, 'Huyện Bắc Yên', 45),
(1816, 'Huyện Mai Sơn', 45),
(1817, 'Huyện Mường La', 45),
(1818, 'Huyện Mộc Châu', 45),
(1819, 'Huyện Phù Yên', 45),
(1820, 'Huyện Quỳnh Nhai', 45),
(1821, 'Huyện Sông Mã', 45),
(1822, 'Huyện Sốp Cộp', 45),
(1823, 'Huyện Thuận Châu', 45),
(1824, 'Huyện Vân Hồ', 45),
(1825, 'Huyện Yên Châu', 45),
(1826, 'Thành Phố Sơn La', 45),
(1827, 'Huyện Bình Chánh', 46),
(1828, 'Huyện Cần Giờ', 46),
(1829, 'Huyện Củ Chi', 46),
(1830, 'Huyện Hóc Môn', 46),
(1831, 'Huyện Nhà Bè', 46),
(1832, 'Quận 1', 46),
(1833, 'Quận 10', 46),
(1834, 'Quận 11', 46),
(1835, 'Quận 12', 46),
(1836, 'Quận 3', 46),
(1837, 'Quận 4', 46),
(1838, 'Quận 5', 46),
(1839, 'Quận 6', 46),
(1840, 'Quận 7', 46),
(1841, 'Quận 8', 46),
(1842, 'Quận Bình Thạnh', 46),
(1843, 'Quận Bình Tân', 46),
(1844, 'Quận Gò Vấp', 46),
(1845, 'Quận Phú Nhuận', 46),
(1846, 'Quận Tân Bình', 46),
(1847, 'Quận Tân Phú', 46),
(1848, 'Thành Phố Thủ Đức', 46),
(1849, 'Huyện Bá Thước', 47),
(1850, 'Huyện Cẩm Thủy', 47),
(1851, 'Huyện Hoằng Hóa', 47),
(1852, 'Huyện Hà Trung', 47),
(1853, 'Huyện Hậu Lộc', 47),
(1854, 'Huyện Lang Chánh', 47),
(1855, 'Huyện Mường Lát', 47),
(1856, 'Huyện Nga Sơn', 47),
(1857, 'Huyện Ngọc Lặc', 47),
(1858, 'Huyện Như Thanh', 47),
(1859, 'Huyện Như Xuân', 47),
(1860, 'Huyện Nông Cống', 47),
(1861, 'Huyện Quan Hóa', 47),
(1862, 'Huyện Quan Sơn', 47),
(1863, 'Huyện Quảng Xương', 47),
(1864, 'Huyện Thiệu Hóa', 47),
(1865, 'Huyện Thường Xuân', 47),
(1866, 'Huyện Thạch Thành', 47),
(1867, 'Huyện Thọ Xuân', 47),
(1868, 'Huyện Triệu Sơn', 47),
(1869, 'Huyện Vĩnh Lộc', 47),
(1870, 'Huyện Yên Định', 47),
(1871, 'Huyện Đông Sơn', 47),
(1872, 'Thành Phố Sầm Sơn', 47),
(1873, 'Thành Phố Thanh Hóa', 47),
(1874, 'Thị Xã Bỉm Sơn', 47),
(1875, 'Thị Xã Nghi Sơn', 47),
(1876, 'Huyện Hưng Hà', 48),
(1877, 'Huyện Kiến Xương', 48),
(1878, 'Huyện Quỳnh Phụ', 48),
(1879, 'Huyện Thái Thụy', 48),
(1880, 'Huyện Tiền Hải', 48),
(1881, 'Huyện Vũ Thư', 48),
(1882, 'Huyện Đông Hưng', 48),
(1883, 'Thành Phố Thái Bình', 48),
(1884, 'Huyện Phú Bình', 49),
(1885, 'Huyện Phú Lương', 49),
(1886, 'Huyện Võ Nhai', 49),
(1887, 'Huyện Đại Từ', 49),
(1888, 'Huyện Định Hóa', 49),
(1889, 'Huyện Đồng Hỷ', 49),
(1890, 'Thành Phố Phổ Yên', 49),
(1891, 'Thành Phố Sông Công', 49),
(1892, 'Thành Phố Thái Nguyên', 49),
(1893, 'Huyện A Lưới', 50),
(1894, 'Huyện Nam Đông', 50),
(1895, 'Huyện Phong Điền', 50),
(1896, 'Huyện Phú Lộc', 50),
(1897, 'Huyện Phú Vang', 50),
(1898, 'Huyện Quảng Điền', 50),
(1899, 'Thành Phố Huế', 50),
(1900, 'Thị Xã Hương Thủy', 50),
(1901, 'Thị Xã Hương Trà', 50),
(1902, 'Huyện Cai Lậy', 51),
(1903, 'Huyện Châu Thành', 51),
(1904, 'Huyện Chợ Gạo', 51),
(1905, 'Huyện Cái Bè', 51),
(1906, 'Huyện Gò Công Tây', 51),
(1907, 'Huyện Gò Công Đông', 51),
(1908, 'Huyện Tân Phú Đông', 51),
(1909, 'Huyện Tân Phước', 51),
(1910, 'Thành Phố Mỹ Tho', 51),
(1911, 'Thị Xã Cai Lậy', 51),
(1912, 'Thị Xã Gò Công', 51),
(1913, 'Huyện Châu Thành', 52),
(1914, 'Huyện Càng Long', 52),
(1915, 'Huyện Cầu Kè', 52),
(1916, 'Huyện Cầu Ngang', 52),
(1917, 'Huyện Duyên Hải', 52),
(1918, 'Huyện Tiểu Cần', 52),
(1919, 'Huyện Trà Cú', 52),
(1920, 'Thành Phố Trà Vinh', 52),
(1921, 'Thị Xã Duyên Hải', 52),
(1922, 'Huyện Chiêm Hóa', 53),
(1923, 'Huyện Hàm Yên', 53),
(1924, 'Huyện Lâm Bình', 53),
(1925, 'Huyện Na Hang', 53),
(1926, 'Huyện Sơn Dương', 53),
(1927, 'Huyện Yên Sơn', 53),
(1928, 'Thành Phố Tuyên Quang', 53),
(1929, 'Huyện Bến Cầu', 54),
(1930, 'Huyện Châu Thành', 54),
(1931, 'Huyện Dương Minh Châu', 54),
(1932, 'Huyện Gò Dầu', 54),
(1933, 'Huyện Tân Biên', 54),
(1934, 'Huyện Tân Châu', 54),
(1935, 'Thành Phố Tây Ninh', 54),
(1936, 'Thị Xã Hòa Thành', 54),
(1937, 'Thị Xã Trảng Bàng', 54),
(1938, 'Huyện Bình Tân', 55),
(1939, 'Huyện Long Hồ', 55),
(1940, 'Huyện Mang Thít', 55),
(1941, 'Huyện Tam Bình', 55),
(1942, 'Huyện Trà Ôn', 55),
(1943, 'Huyện Vũng Liêm', 55),
(1944, 'Thành Phố Vĩnh Long', 55),
(1945, 'Thị Xã Bình Minh', 55),
(1946, 'Huyện Bình Xuyên', 56),
(1947, 'Huyện Lập Thạch', 56),
(1948, 'Huyện Sông Lô', 56),
(1949, 'Huyện Tam Dương', 56),
(1950, 'Huyện Tam Đảo', 56),
(1951, 'Huyện Vĩnh Tường', 56),
(1952, 'Huyện Yên Lạc', 56),
(1953, 'Thành Phố Phúc Yên', 56),
(1954, 'Thành Phố Vĩnh Yên', 56),
(1955, 'Huyện Lục Yên', 57),
(1956, 'Huyện Mù Căng Chải', 57),
(1957, 'Huyện Trạm Tấu', 57),
(1958, 'Huyện Trấn Yên', 57),
(1959, 'Huyện Văn Chấn', 57),
(1960, 'Huyện Văn Yên', 57),
(1961, 'Huyện Yên Bình', 57),
(1962, 'Thành Phố Yên Bái', 57),
(1963, 'Thị Xã Nghĩa Lộ', 57),
(1964, 'Huyện Mường Chà', 58),
(1965, 'Huyện Mường Nhé', 58),
(1966, 'Huyện Mường Ảng', 58),
(1967, 'Huyện Nậm Pồ', 58),
(1968, 'Huyện Tuần Giáo', 58),
(1969, 'Huyện Tủa Chùa', 58),
(1970, 'Huyện Điện Biên', 58),
(1971, 'Huyện Điện Biên Đông', 58),
(1972, 'Thành Phố Điện Biên Phủ', 58),
(1973, 'Thị Xã Mường Lay', 58),
(1974, 'Huyện Hòa Vang', 59),
(1975, 'Quận Cẩm Lệ', 59),
(1976, 'Quận Hải Châu', 59),
(1977, 'Quận Liên Chiểu', 59),
(1978, 'Quận Ngũ Hành Sơn', 59),
(1979, 'Quận Sơn Trà', 59),
(1980, 'Quận Thanh Khê', 59),
(1981, 'Huyện Buôn Đôn', 60),
(1982, 'Huyện Cư Kuin', 60),
(1983, 'Huyện Cư M\'Gar', 60),
(1984, 'Huyện Ea H\'Leo', 60),
(1985, 'Huyện Ea Kar', 60),
(1986, 'Huyện Ea Súp', 60),
(1987, 'Huyện Krông A Na', 60),
(1988, 'Huyện Krông Bông', 60),
(1989, 'Huyện Krông Búk', 60),
(1990, 'Huyện Krông Năng', 60),
(1991, 'Huyện Krông Pắc', 60),
(1992, 'Huyện Lắk', 60),
(1993, 'Huyện M\'Đrắk', 60),
(1994, 'Thành Phố Buôn Ma Thuột', 60),
(1995, 'Thị Xã Buôn Hồ', 60),
(1996, 'Huyện Cư Jút', 61),
(1997, 'Huyện Krông Nô', 61),
(1998, 'Huyện Tuy Đức', 61),
(1999, 'Huyện Đăk Glong', 61),
(2000, 'Huyện Đắk Mil', 61),
(2001, 'Huyện Đắk R\'Lấp', 61),
(2002, 'Huyện Đắk Song', 61),
(2003, 'Thành Phố Gia Nghĩa', 61),
(2004, 'Huyện Cẩm Mỹ', 62),
(2005, 'Huyện Long Thành', 62),
(2006, 'Huyện Nhơn Trạch', 62),
(2007, 'Huyện Thống Nhất', 62),
(2008, 'Huyện Trảng Bom', 62),
(2009, 'Huyện Tân Phú', 62),
(2010, 'Huyện Vĩnh Cửu', 62),
(2011, 'Huyện Xuân Lộc', 62),
(2012, 'Huyện Định Quán', 62),
(2013, 'Thành Phố Biên Hòa', 62),
(2014, 'Thành Phố Long Khánh', 62),
(2015, 'Huyện Cao Lãnh', 63),
(2016, 'Huyện Châu Thành', 63),
(2017, 'Huyện Hồng Ngự', 63),
(2018, 'Huyện Lai Vung', 63),
(2019, 'Huyện Lấp Vò', 63),
(2020, 'Huyện Tam Nông', 63),
(2021, 'Huyện Thanh Bình', 63),
(2022, 'Huyện Tháp Mười', 63),
(2023, 'Huyện Tân Hồng', 63),
(2024, 'Thành Phố Cao Lãnh', 63),
(2025, 'Thành Phố Hồng Ngự', 63),
(2026, 'Thành Phố Sa Đéc', 63);

-- --------------------------------------------------------

--
-- Cấu trúc bảng cho bảng `tbl_img_binhluan`
--

CREATE TABLE `tbl_img_binhluan` (
  `id` int(11) NOT NULL,
  `id_binhluan` int(11) NOT NULL,
  `img` varchar(255) NOT NULL
) ENGINE=InnoDB DEFAULT CHARSET=utf8mb4 COLLATE=utf8mb4_general_ci;

-- --------------------------------------------------------

--
-- Cấu trúc bảng cho bảng `tbl_like_binhluan`
--

CREATE TABLE `tbl_like_binhluan` (
  `id` int(11) NOT NULL,
  `id_binhluan` int(11) NOT NULL,
  `id_user` int(11) NOT NULL
) ENGINE=InnoDB DEFAULT CHARSET=utf8mb4 COLLATE=utf8mb4_general_ci;

-- --------------------------------------------------------

--
-- Cấu trúc bảng cho bảng `tbl_product`
--

CREATE TABLE `tbl_product` (
  `id` int(11) NOT NULL,
  `name` varchar(255) DEFAULT NULL,
  `min_price` double DEFAULT NULL,
  `max_price` double DEFAULT NULL,
  `description` text DEFAULT NULL,
  `image` varchar(255) DEFAULT NULL,
  `category` int(11) DEFAULT NULL,
  `endow` int(11) DEFAULT NULL,
  `quantity` int(11) DEFAULT NULL,
  `brand` varchar(255) DEFAULT NULL,
  `country_of_origin` int(11) DEFAULT NULL,
  `warranty_duration` date DEFAULT NULL
) ENGINE=InnoDB DEFAULT CHARSET=utf8 COLLATE=utf8_general_ci;

--
-- Đang đổ dữ liệu cho bảng `tbl_product`
--

INSERT INTO `tbl_product` (`id`, `name`, `min_price`, `max_price`, `description`, `image`, `category`, `endow`, `quantity`, `brand`, `country_of_origin`, `warranty_duration`) VALUES
(4, 'Truyện doremon tap 21', 15000, 21000, 'hay', 'doremon_tap21.jpg', 24, NULL, 10, NULL, NULL, NULL),
(5, 'Truyện doremon tap 8', 12000, 18900, 'hay', 'doremon_tap8.jpg', 24, NULL, 15, NULL, NULL, NULL),
(6, 'Truyện doremon ', 15000, 70000, 'sieu hay', 'doremon.jpg', 23, NULL, 10, NULL, NULL, NULL),
(12, 'Nobita du hành biển phương nam', 12000, 15000, 'hay', 'nobita_dulic.png', 27, NULL, 10, NULL, NULL, NULL),
(15, 'Tất thể thao cao cấp Goya Sock TGY05', 12000, 15000, 'dùng ok', 'tat.png', 26, NULL, 80, NULL, NULL, NULL),
(16, 'BỘ DAO 5 MÓN JAPAN ASAKH CAO CẤP, BỘ DAO NHÀ BẾP ĐEN NHÁM CHỐNG GỈ SÉT TIỆN LỢI', 80000, 90000, 'd', 'dao.png', 27, NULL, 100, NULL, NULL, NULL);

-- --------------------------------------------------------

--
-- Cấu trúc bảng cho bảng `tbl_rateting_product`
--

CREATE TABLE `tbl_rateting_product` (
  `id` int(11) NOT NULL,
  `rate` double DEFAULT NULL
) ENGINE=InnoDB DEFAULT CHARSET=utf8 COLLATE=utf8_general_ci;

-- --------------------------------------------------------

--
-- Cấu trúc bảng cho bảng `tbl_towns`
--

CREATE TABLE `tbl_towns` (
  `id` int(11) NOT NULL,
  `name` varchar(255) NOT NULL,
  `district_id` int(11) DEFAULT NULL
) ENGINE=InnoDB DEFAULT CHARSET=utf8 COLLATE=utf8_general_ci;

-- --------------------------------------------------------

--
-- Cấu trúc bảng cho bảng `tbl_user`
--

CREATE TABLE `tbl_user` (
  `username` varchar(255) DEFAULT NULL,
  `password` varchar(255) DEFAULT NULL,
  `name` varchar(255) DEFAULT NULL,
  `email` varchar(255) DEFAULT NULL,
  `phone` varchar(255) DEFAULT NULL,
  `avata` varchar(255) DEFAULT NULL,
  `id_user` int(11) NOT NULL,
  `gender` int(11) DEFAULT NULL,
  `date_of_birth` date DEFAULT NULL,
  `admin` int(11) NOT NULL
) ENGINE=InnoDB DEFAULT CHARSET=utf8 COLLATE=utf8_general_ci;

--
-- Đang đổ dữ liệu cho bảng `tbl_user`
--

INSERT INTO `tbl_user` (`username`, `password`, `name`, `email`, `phone`, `avata`, `id_user`, `gender`, `date_of_birth`, `admin`) VALUES
('Vanh', 'c4ca4238a0b923820dcc509a6f75849b', 'Hoàng Việt Anh', 'vietanhhoang102@gmail.com', '0359702375', 'Vanh.jpg', 37, 1, '2003-12-18', 1),
('Dũng', 'c4ca4238a0b923820dcc509a6f75849b', 'Nguyễn Tiến Dũng', '2121050220@student.humg.edu.vn', '0962988318', 'Dung.jpg', 38, 1, '2023-11-08', 1),
('Thành', 'c4ca4238a0b923820dcc509a6f75849b', 'Đinh Tiến Thành', '2121050236@student.humg.edu.vn', '0982183703', 'Thanh.jpg', 39, 1, '2023-11-16', 1),
('Ngát', 'c4ca4238a0b923820dcc509a6f75849b', 'Nguyễn Thị Ngát', '2121050192@student.humg.edu.vn', '0325824934', 'Ngat.jpg', 41, 0, '2023-11-15', 1),
('Ánh Dương', 'c4ca4238a0b923820dcc509a6f75849b', 'Phương Ánh Dương', '2121050241@student.humg.edu.vn', '0327998700', 'Duong.jpg', 42, 0, '2023-11-17', 1),
('Bot1', 'c4ca4238a0b923820dcc509a6f75849b', 'Bot1', 'A@gmail.com', '123456789', 'A.jpg', 43, 1, '2003-12-18', 0),
('Bot2', 'c4ca4238a0b923820dcc509a6f75849b', 'Bot2', 'A@gmail.com', '123456789', 'A.jpg', 44, 1, '2003-12-18', 0),
('Bot3', 'c4ca4238a0b923820dcc509a6f75849b', 'Bot3', 'A@gmail.com', '123456789', 'A.jpg', 45, 1, '2003-12-18', 0),
('Bot4', 'c4ca4238a0b923820dcc509a6f75849b', 'Bot4', 'A@gmail.com', '123456789', 'A.jpg', 46, 1, '2003-12-18', 0),
('Bot5', 'c4ca4238a0b923820dcc509a6f75849b', 'Bot5', 'A@gmail.com', '123456789', 'A.jpg', 47, 1, '2003-12-18', 0),
('Bot6', 'c4ca4238a0b923820dcc509a6f75849b', 'Bot6', 'A@gmail.com', '123456789', 'A.jpg', 48, 1, '2003-12-18', 0),
('Bot7', 'c4ca4238a0b923820dcc509a6f75849b', 'Bot7', 'A@gmail.com', '123456789', 'A.jpg', 49, 1, '2003-12-18', 0),
('Bot9', 'c4ca4238a0b923820dcc509a6f75849b', 'Bot9', 'A@gmail.com', '123456789', 'A.jpg', 51, 1, '2003-12-18', 0),
('Bot10', 'c4ca4238a0b923820dcc509a6f75849b', 'Bot10', 'A@gmail.com', '123456789', 'A.jpg', 52, 1, '2003-12-18', 0),
('Bot11', 'c4ca4238a0b923820dcc509a6f75849b', 'Bot11', 'A@gmail.com', '123456789', 'A.jpg', 53, 1, '2003-12-18', 0),
('Bot12', 'c4ca4238a0b923820dcc509a6f75849b', 'Bot12', 'A@gmail.com', '123456789', 'A.jpg', 54, 1, '2003-12-18', 0);

--
-- Chỉ mục cho các bảng đã đổ
--

--
-- Chỉ mục cho bảng `tbl_address_user`
--
ALTER TABLE `tbl_address_user`
  ADD PRIMARY KEY (`id`),
  ADD KEY `fk_address_user_tbl_user` (`id_user`);

--
-- Chỉ mục cho bảng `tbl_bill`
--
ALTER TABLE `tbl_bill`
  ADD PRIMARY KEY (`id`);

--
-- Chỉ mục cho bảng `tbl_binhluan`
--
ALTER TABLE `tbl_binhluan`
  ADD PRIMARY KEY (`id`),
  ADD KEY `fk_binhluan_user` (`id_user`),
  ADD KEY `fk_binhluan_product` (`id_sanpham`);

--
-- Chỉ mục cho bảng `tbl_category`
--
ALTER TABLE `tbl_category`
  ADD PRIMARY KEY (`id`);

--
-- Chỉ mục cho bảng `tbl_cities`
--
ALTER TABLE `tbl_cities`
  ADD PRIMARY KEY (`id`);

--
-- Chỉ mục cho bảng `tbl_districts`
--
ALTER TABLE `tbl_districts`
  ADD PRIMARY KEY (`id`),
  ADD KEY `city_id` (`city_id`);

--
-- Chỉ mục cho bảng `tbl_img_binhluan`
--
ALTER TABLE `tbl_img_binhluan`
  ADD PRIMARY KEY (`id`),
  ADD KEY `fk_img_binhluan_binhluan` (`id_binhluan`);

--
-- Chỉ mục cho bảng `tbl_like_binhluan`
--
ALTER TABLE `tbl_like_binhluan`
  ADD PRIMARY KEY (`id`),
  ADD KEY `fk_like_binhluan_binhluan` (`id_binhluan`),
  ADD KEY `fk_like_binhluan_user` (`id_user`);

--
-- Chỉ mục cho bảng `tbl_product`
--
ALTER TABLE `tbl_product`
  ADD PRIMARY KEY (`id`),
  ADD KEY `fk_product_endow` (`endow`),
  ADD KEY `fk_product_cities` (`country_of_origin`),
  ADD KEY `fk_product_category` (`category`);

--
-- Chỉ mục cho bảng `tbl_rateting_product`
--
ALTER TABLE `tbl_rateting_product`
  ADD PRIMARY KEY (`id`);

--
-- Chỉ mục cho bảng `tbl_towns`
--
ALTER TABLE `tbl_towns`
  ADD PRIMARY KEY (`id`),
  ADD KEY `district_id` (`district_id`);

--
-- Chỉ mục cho bảng `tbl_user`
--
ALTER TABLE `tbl_user`
  ADD PRIMARY KEY (`id_user`);

--
-- AUTO_INCREMENT cho các bảng đã đổ
--

--
-- AUTO_INCREMENT cho bảng `tbl_address_user`
--
ALTER TABLE `tbl_address_user`
  MODIFY `id` int(11) NOT NULL AUTO_INCREMENT, AUTO_INCREMENT=95;

--
-- AUTO_INCREMENT cho bảng `tbl_bill`
--
ALTER TABLE `tbl_bill`
  MODIFY `id` int(11) NOT NULL AUTO_INCREMENT, AUTO_INCREMENT=54;

--
-- AUTO_INCREMENT cho bảng `tbl_binhluan`
--
ALTER TABLE `tbl_binhluan`
  MODIFY `id` int(11) NOT NULL AUTO_INCREMENT, AUTO_INCREMENT=47;

--
-- AUTO_INCREMENT cho bảng `tbl_category`
--
ALTER TABLE `tbl_category`
  MODIFY `id` int(11) NOT NULL AUTO_INCREMENT, AUTO_INCREMENT=35;

--
-- AUTO_INCREMENT cho bảng `tbl_cities`
--
ALTER TABLE `tbl_cities`
  MODIFY `id` int(11) NOT NULL AUTO_INCREMENT, AUTO_INCREMENT=64;

--
-- AUTO_INCREMENT cho bảng `tbl_districts`
--
ALTER TABLE `tbl_districts`
  MODIFY `id` int(11) NOT NULL AUTO_INCREMENT, AUTO_INCREMENT=2027;

--
-- AUTO_INCREMENT cho bảng `tbl_img_binhluan`
--
ALTER TABLE `tbl_img_binhluan`
  MODIFY `id` int(11) NOT NULL AUTO_INCREMENT, AUTO_INCREMENT=69;

--
-- AUTO_INCREMENT cho bảng `tbl_like_binhluan`
--
ALTER TABLE `tbl_like_binhluan`
  MODIFY `id` int(11) NOT NULL AUTO_INCREMENT, AUTO_INCREMENT=94;

--
-- AUTO_INCREMENT cho bảng `tbl_product`
--
ALTER TABLE `tbl_product`
  MODIFY `id` int(11) NOT NULL AUTO_INCREMENT, AUTO_INCREMENT=17;

--
-- AUTO_INCREMENT cho bảng `tbl_rateting_product`
--
ALTER TABLE `tbl_rateting_product`
  MODIFY `id` int(11) NOT NULL AUTO_INCREMENT;

--
-- AUTO_INCREMENT cho bảng `tbl_towns`
--
ALTER TABLE `tbl_towns`
  MODIFY `id` int(11) NOT NULL AUTO_INCREMENT;

--
-- AUTO_INCREMENT cho bảng `tbl_user`
--
ALTER TABLE `tbl_user`
  MODIFY `id_user` int(11) NOT NULL AUTO_INCREMENT, AUTO_INCREMENT=55;

--
-- Các ràng buộc cho các bảng đã đổ
--

--
-- Các ràng buộc cho bảng `tbl_binhluan`
--
ALTER TABLE `tbl_binhluan`
  ADD CONSTRAINT `fk_binhluan_product` FOREIGN KEY (`id_sanpham`) REFERENCES `tbl_product` (`id`) ON DELETE CASCADE,
  ADD CONSTRAINT `fk_binhluan_user` FOREIGN KEY (`id_user`) REFERENCES `tbl_user` (`id_user`) ON DELETE CASCADE;

--
-- Các ràng buộc cho bảng `tbl_districts`
--
ALTER TABLE `tbl_districts`
  ADD CONSTRAINT `tbl_districts_ibfk_1` FOREIGN KEY (`city_id`) REFERENCES `tbl_cities` (`id`);

--
-- Các ràng buộc cho bảng `tbl_img_binhluan`
--
ALTER TABLE `tbl_img_binhluan`
  ADD CONSTRAINT `fk_img_binhluan_binhluan` FOREIGN KEY (`id_binhluan`) REFERENCES `tbl_binhluan` (`id`) ON DELETE CASCADE;

--
-- Các ràng buộc cho bảng `tbl_like_binhluan`
--
ALTER TABLE `tbl_like_binhluan`
  ADD CONSTRAINT `fk_like_binhluan_binhluan` FOREIGN KEY (`id_binhluan`) REFERENCES `tbl_binhluan` (`id`) ON DELETE CASCADE,
  ADD CONSTRAINT `fk_like_binhluan_user` FOREIGN KEY (`id_user`) REFERENCES `tbl_user` (`id_user`) ON DELETE CASCADE;

--
-- Các ràng buộc cho bảng `tbl_towns`
--
ALTER TABLE `tbl_towns`
  ADD CONSTRAINT `tbl_towns_ibfk_1` FOREIGN KEY (`district_id`) REFERENCES `tbl_districts` (`id`);
COMMIT;

/*!40101 SET CHARACTER_SET_CLIENT=@OLD_CHARACTER_SET_CLIENT */;
/*!40101 SET CHARACTER_SET_RESULTS=@OLD_CHARACTER_SET_RESULTS */;
/*!40101 SET COLLATION_CONNECTION=@OLD_COLLATION_CONNECTION */;
